"date","time","people","status","title","content"
"105/08/19","20:22:07","于志強","資深特別助理","澄清自由時報105年8月19日之相關報導","1.事實發生日:105/08/19
2.公司名稱:群聯電子股份有限公司
3.與公司關係(請輸入本公司或子公司):本公司。
4.相互持股比例:無。
5.傳播媒體名稱:自由時報。
6.報導內容:...將被質疑的關係人交易，以根據「偵查不公開」原則，對公司的影響
「尚無法判斷」...
7.發生緣由:無。
8.因應措施:對於自由時報報導，有關本公司105年第2季合併財務報表附註32重大期後
事項所載”台灣新竹地方法院檢察署105年8月5日至本公司進行偵查程序及相關媒體
報導本公司涉嫌違法證券交易法案件乙節，依105年8月6日該署記者會說明指出，本案
與本公司與曜成科技股份有限公司(前身為聯東電子股份有限公司)、 華威達科技股份
有限公司、永馳公司間之交易有關，由於本案甫由檢調機關依法偵查，依據刑事訴訟
法偵查不公開之相關規定，對本公司之影響尚無法判斷”，文中所謂對本公司之影響
尚無法判斷係因本案之偵查尚於初始階段無法預期訴訟之結果，因此無法判斷本訴訟
之結果對本公司之影響，惟本公司將全力配合檢調之偵查以釐清真相。
本公司與前述曜成科技股份有限公司(前身為聯東電子股份有限公司)、華威達科技股份
有限公司、永馳公司間於98-104年之交易往來，雖未在各期報表中揭露關係人交易，惟
所有的進銷貨數字皆已確實入帳，且其收付款亦無異常情事均已反應在各期財務報表中
，因此各期財務報表已如實反應本公司之營運成果，特此說明。
9.其他應敘明事項:無。"
"105/08/19","19:41:49","陳俊傑","總經理","公告本公司股票全面換發無實體相關事項","1.事實發生日:105/08/19
2.發生緣由:本公司105年07月29日董事會決議通過於公開發行後
登錄興櫃時，全面換發無實體股票發行，並授權董事長訂定換票
基準日相關事宜。
(一)本公司為申請股票興櫃暨簡化股務作業，擬全面換發無實體
股票，將歷年所發行之股份進行換發作業。
(二)本次應換發之股票，包括歷年發行之全部股份，計普通股
19,000,000股，每股面額新台幣10元，共計新台幣190,000,000
元。
(三)本次換發無實體新股比率為1：1，即舊普通股股票一股換發
新普通股股票一股。
本次換發新股之權利義務與原已發行舊股票相同。
(四)無實體換發新股基準日及相關作業日期：
(1)換發無實體基準日：105年08月29日。
(2)舊股票停止過戶期間：自105年08月25日至105年09月04日止
。
(適逢股東臨時會停止過戶期間為105年08月07日起至105月09月
05日止)。
(3)開始換發無實體新股日(舊股票停止流通日)：105年09月05
日。
(4)無實體股票興櫃買賣日期：俟主管機關核准興櫃掛牌後另行　
公告。
(五)本次股票全面換發無實體如有其他未盡事宜授權董事長全
權處理之。
3.因應措施:不適用
4.其他應敘明事項:無"
"105/08/19","19:15:27","謝宜玲","經理","代子公司力訊股份有限公司公告簡易合併案債權人公告","1.事實發生日:105/08/19
2.公司名稱:力訊股份有限公司
3.與公司關係(請輸入本公司或子公司):子公司
4.相互持股比例:艾訊股份有限公司100%持有力訊股份有限公司
5.發生緣由:
 艾訊股份有限公司及力訊股份有限公司於民國105年08月19日經雙方董事會決議通過
 進行簡易合併，合併後艾訊股份有限公司為存續公司，力訊股份有限公司為消滅公司。
 合併基準日暫訂為民國105年10月1日，自合併基準日起，力訊股份有限公司之資產、
 負債及截至合併基準日止仍為有效之一切權利義務概由艾訊股份有限公司概括承受。
6.因應措施:無
7.其他應敘明事項:
(1)依據公司法第316條之2及企業併購法第23條之規定，本公司債權人對上開合併之
   決議如有異議者，請自105年8月20日至105年9月20日止 (郵寄以郵戳日期為憑，
   受理地址：新北市新店區寶橋路235巷4號8樓會計部收，請敘明聯絡人及聯絡方式，
   並於信封封面上加註『力訊合併債權人函件』字樣，以掛號函件寄送。) 檢附債權
   證明文件，以書面方式向本公司提出，逾期未表示意見即視為無異議。
(2)合併基準日若有變更，由雙方董事會授權艾訊股份有限公司董事長全權處理之。"
"105/08/19","19:09:45","李坤鍾","董事長","代子公司Controlnet(BVI)Intemational Inc.
公告董事會同意取得不動產","1.標的物之名稱及性質（如坐落台中市北區ＸＸ段ＸＸ小段土地）:
柬埔寨THE BRIDGE預售屋建案共七戶.
2.事實發生日:105/8/19~105/8/19
3.交易單位數量（如ＸＸ平方公尺，折合ＸＸ坪）、每單位價格及交易總金額:
柬埔寨THE BRIDGE 土地及建築物,建物面積500.5平方呎,
土地37.07平方呎,交易總金額美金1,816,920元
4.交易相對人及其與公司之關係（交易相對人如屬自然人，且非公司之關
係人者，得免揭露其姓名）:
交易相對人:OXLEY DIAMOND(Cambodia)co.,Ltd.
與公司之關係:非關係人.
5.交易相對人為關係人者，並應公告選定關係人為交易對象之原因及前次移轉之
所有人、前次移轉之所有人與公司及交易相對人間相互之關係、前次移轉日期
及移轉金額:
不適用
6.交易標的最近五年內所有權人曾為公司之關係人者，尚應公告關係
人之取得及處分日期、價格及交易當時與公司之關係:
不適用
7.預計處分利益（或損失）（取得資產者不適用）（遞延者應列表說明
認列情形）:
不適用
8.交付或付款條件（含付款期間及金額）、契約限制條款及其他重要約定
事項:
付款期間:首次105/9/2 金額:美金910,000元.尾款106/2 金額美金906,920元.
9.本次交易之決定方式（如招標、比價或議價）、價格決定之參考依據及
決策單位:
本次交易之決定方式:雙方議價.
價格決定之參考依據:參考鑑價報告及鄰近市場行情.
決策單位:本公司董事會.
10.專業估價者事務所或公司名稱及其估價金額:
專業估價者公司名稱:Khmer Foundation Appraisals.
估價金額:美金2,163,000元.
11.專業估價師姓名:
VA SOVANOUDAM.
KRY BUNTHENG.
NOUN RITHY.
12.專業估價師開業證書字號:
V-15-165-03.
V-15-165-04.
V-15-165-01.
13.估價報告是否為限定價格、特定價格或特殊價格:否
14.是否尚未取得估價報告:否
15.尚未取得估價報告之原因:
不適用
16.與交易金額比較有重大差異原因及會計師意見:
無
17.經紀人及經紀費用:
宇浚地產有限公司.
經紀費用:0元.
18.取得或處分之具體目的或用途:
取得投資性不動產
19.本次交易表示異議之董事之意見:
無
20.本次交易為關係人交易:否
21.董事會通過日期:
民國105 年8 月19 日
22.監察人承認或審計委員會同意日期:
不適用
23.本次交易係向關係人取得不動產:否
24.依「公開發行公司取得或處分資產處理準則」第十五條規定
評估之價格:不適用
25.依前項評估之價格較交易價格為低者，依同準則第十六條規
定評估之價格:不適用
26.其他敘明事項:
1.估價金額及交易金額之計算幣別為美金,公告時以匯率31.66換算為台幣.
2.本公司董事會於民國105年8月19日同意由子公司
Controlnet(BVI)Intemational Inc.總金額美金1,816,920元取得投資性不動產."
"105/08/19","19:08:11","李坤鍾","董事長","公告本公司董事會通過現金增資子公司
Controlnet(BVI)Intemational Inc.
達本公司實收資本額百分之二十以上","1.標的物之名稱及性質（屬特別股者，並應標明特別股約定發行條件，如股息率等）:
Controlnet(BVI)Intemational Inc.
2.事實發生日:105/8/19~105/8/19
3.交易數量、每單位價格及交易總金額:
交易總金額美金2,000,000元(約新台幣63,320千元)
4.交易相對人及其與公司之關係（交易相對人如屬自然人，且非公司之
關係人者，得免揭露其姓名）:
為本公司100%投資之子公司Controlnet(BVI)Intemational Inc..
5.交易相對人為關係人者，並應公告選定關係人為交易對象之原因及前次移
轉之所有人、前次移轉之所有人與公司及交易相對人間相互之關係、前次
移轉日期及移轉金額:
以增資方式取得,不適用.
6.交易標的最近五年內所有權人曾為公司之關係人者，尚應公告關係人之取
得及處分日期、價格及交易當時與公司之關係:
不適用.
7.本次係處分債權之相關事項（含處分之債權附隨擔保品種類、處分債權
如有屬對關係人債權者尚需公告關係人名稱及本次處分該關係人之債權
帳面金額:
不適用.
8.處分利益（或損失）（取得有價證券者不適用）（原遞延者應列表說明
認列情形）:
不適用.
9.交付或付款條件（含付款期間及金額）、契約限制條款及其他重要約定
事項:
不適用.
10.本次交易之決定方式、價格決定之參考依據及決策單位:
方式:現金增資.
價格之參考依據:子公司實際需求.
決策:董事會.
11.迄目前為止，累積持有本交易證券（含本次交易）之數量、金額、持股
比例及權利受限情形（如質押情形）:
美金2,300,000元
12.迄目前為止，依「公開發行公司取得或處分資產處理準則」第三條所列
之有價證券投資（含本次交易）占公司最近期財務報表中總資產及歸屬
於母公司業主之權益之比例暨最近期財務報表中營運資金數額（註二）:
占總資產比例:12.34  %

股東權益:15.90%

營運資金數額:台幣229,841 仟元
13.經紀人及經紀費用:
宇浚地產有限公司
經紀費用0元.
14.取得或處分之具體目的或用途:
長期投資
15.本次交易表示異議董事之意見:
無
16.本次交易為關係人交易:是
17.董事會通過日期:
1.民國105 年8 月19 日
18.監察人承認日期:
不適用
19.本次交易會計師出具非合理性意見:否
20.其他敘明事項:
1.新台幣金額係以匯率31.66計算.
2.本公司現金增資子公司，係該子公司為購買海外不動產資金所需."
"105/08/19","19:03:42","吳一揆","總經理","代子公司中國信託綜合證券股份有限公司公告民國92~95年
營利事業所得稅行政訴訟案判決結果","1.法律事件之當事人:原告:中國信託金融控股股份有限公司，被告:財政部臺北國稅局
2.法律事件之法院名稱或處分機關:臺北最高行政法院
3.法律事件之相關文書案號:105年度判字第386~388及390號
4.事實發生日:105/08/19
5.發生原委(含爭訟標的):本公司92~95年度營利事業所得稅結算申報，遭台北市國稅局
以認購權證自留款部位應加計營業收入，並否准認列發行認購權證避險損費，調整課稅
所得。另補繳稅款按日加計利息,以稅捐機關繳款通知書上金額為準。
6.處理過程:已依法申請復查、訴願及行政訴訟均遭駁回，遂向最高行政法院提起上訴,
最高行政法院判決本公司「上訴駁回」。
7.對公司財務業務影響及預估影響金額:權證部分影響稅額為1,081,298仟元，本公司業
已提列820,190仟元，不足稅額261,108仟元已調整入105年上半年財務報告，並經董事
會通過。上述訴訟判決結果不致影響本公司營運。
8.因應措施及改善情形:針對本案判決結果，擬研議後另採因應措施。
9.其他應敘明事項:無。"
"105/08/19","19:03:37","謝宜玲","經理","代子公司力訊股份有限公司公告董事會決議與
艾訊股份有限公司進行簡易合併","1.併購種類(如合併、分割、收購或股份受讓):
合併
2.事實發生日:105/8/19
3.參與併購公司名稱(如合併另一方公司、分割新設公司、收購或受讓股份標的公司之
名稱:
艾訊股份有限公司(存續公司，以下簡稱艾訊)
力訊股份有限公司(消滅公司，以下簡稱力訊)
4.交易相對人(如合併另一方公司、分割讓與他公司、收購或受讓股份之交易對象):
艾訊股份有限公司
5.交易相對人為關係人:是
6.交易相對人與公司之關係(本公司轉投資持股達XX%之被投資公司)，並說明選定
收購、受讓他公司股份之對象為關係企業或關係人之原因及是否不影響股東權益:
力訊係艾訊轉投資持股達100%之被投資公司，擬依企業併購法第十九條規定與
力訊進行簡易合併，合併不換股，並不影響股東權益。
7.併購目的:
為精實營運效率與提升管理績效。
8.併購後預計產生之效益:
預期將達到簡化組織架構，整合集團資源的目標。
9.併購對每股淨值及每股盈餘之影響:
力訊係艾訊轉投資持股達100%之被投資公司，合併不換股，並不影響股東權益，
對每股淨值及每股盈餘並無影響。
10.換股比例及其計算依據:
力訊係艾訊轉投資持股達100%之被投資公司，本合併案係為集團組織重組，
合併不換股，故無換股比率之適用。
11.預定完成日程:
暫定合併基準日為105年10月1日。
12.既存或新設公司承受消滅(或分割)公司權利義務相關事項(註一):
合併基準日後，力訊(消滅公司)之資產、負債及截至合併基準日止仍為有效之
一切權利義務概由艾訊(存續公司)概括承受。
13.參與合併公司之基本資料(註二):
(1)艾訊股份有限公司，主要營業項目：工業用電腦及嵌入式單板主機板之設計、
製造及銷售。
(2)力訊股份有限公司，主要營業項目：工業用平板電腦及顯示器、
數位看板廣告機設計、製造及銷售。
14.分割之相關事項(含預定讓與既存公司或新設公司之營業、資產之評價價值；被
分割公司或其股東所取得股份之總數、種類及數量；被分割公司資本減少時，其資
本減少有關事項)(註：若非分割公告時，則不適用):
不適用。
15.併購股份未來移轉之條件及限制:
不適用。
16.其他重要約定事:
本次合併之相關事宜，除依法公告外，並依相關法規規定辦理。
17.本次交易，董事有無異議:否
18.其他敘明事項:
合併基準日若有變更，由雙方董事會授權艾訊董事長全權處理之。
註一、既存或新設公司承受消滅公司權利義務相關事項，包括庫藏股及已發行具有股權性質有
　　　價證券之處理原則。
註二：參與合併公司之基本資料包括公司名稱及所營業務
　　　之主要內容。"
"105/08/19","19:01:20","黃啟峰","總經理","公告本公司更換會計師之相關資訊","1.董事會通過日期(事實發生日):105/08/19
2.舊會計師事務所名稱:資信聯合會計師事務所
3.舊任簽證會計師姓名1:張蔚誠
4.舊任簽證會計師姓名2:謝婉麗
5.新會計師事務所名稱:南台聯合會計師事務所
6.新任簽證會計師姓名1:丁澤祥
7.新任簽證會計師姓名2:蔡玉琴
8.變更會計師之原因:
因張蔚誠會計師及謝婉麗會計師離開資信聯合會計師事務所
9.說明係由公司主動終止委任或不再繼續委任或前任會計師主動終止委任
或不再繼續接受委任:
公司不再繼續委任
10.公司通知或接獲通知終止之日期:105/08/19
11.最近二年度已申報或即將編製之財務報告是否曾經會計師調整或提出內
部控制重大改進事項之建議:
前任安永會計師於執行105年Q1財務報表核閱外勤期間,獲告知本公司
於原編製104年度財務報表並未含計及揭露本公司與豐業銀行已
存在及往來之帳戶,且未能具體說明且提供完整之相關交易流程
、明細及影響金額以供查核驗證,再於105年5月6日下午召開重
大訊息說明本公司原編製之104年度財務報表有估計損失及未
入帳負債約新台幣5億元需再補估計入帳之情事,但本公司亦
未能具體說明交易之背景及其影響.
12.公司對上開調整或建議事項有無不同意見(若有不同意見，請詳細說明每
一事項之性質、公司原處理方法與最後處理結果暨繼任會計師對各該事
項之書面意見):
就安永聯合會計師事務所所提事項，本公司必須澄清，在該事務所
查核期間，確已盡力提供相關資料，並就其提問作有說明，並無所
指未做具體說明情事。
本公司已委任新會計師，待其完成財報查核簽證、核閱工作，將儘速依法辦理公告。
13.公司正式委任繼任會計師前，是否曾就上開前任會計師所做調整及建議
事項之處理及其對財務報表可能簽發之意見，諮詢該會計師(若有，請輸
入詢問事項及結果):
無
14.說明是否授權前任會計師對繼任會計師所提合理之詢問(包括上開所述不
同意見之情事)充分回答:
是
15.其他應敘明事項:
無"
"105/08/19","18:57:40","沈道邦","財務長","代重要子公司S3 Graphics Co., Ltd.公告法人改派董事代表人","1.發生變動日期:105/08/19
2.法人名稱:HTC Investment One (BVI) Corporation
3.舊任者姓名及簡歷:王文淵
4.新任者姓名及簡歷:沈道邦
5.異動原因:法人改派董事
6.原任期（例xx/xx/xx至xx/xx/xx）:不適用
7.新任生效日期:105/08/19
8.其他應敘明事項:無"
"105/08/19","18:55:00","于耀國","執行副總經理","代子公司力垣企業(股)公司公告減資變更登記完成。","1.主管機關核准減資日期:105/08/18
2.辦理資本變更登記完成日期:105/08/18
3.對財務報告之影響（含實收資本額與流通在外股數之差異與對每股淨值之影響）:
減資前-實收資本額為新台幣729,231,200元，流通在外股數為72,923,120股，
每股淨值為新台幣14.65元。
減資後-實收資本額為新台幣320,000,000元，流通在外股數為32,000,000股，
每股淨值為新台幣20.60元。
4.預計換股作業計畫:不適用。
5.預計減資新股上市後之上市普通股股數:不適用。
6.預計減資新股上市後之上市普通股股數占已發行普通股比率
 （減資後上市普通股股數/減資後已發行普通股股數）:不適用。
7.前二項預計減資後上巿普通股股數未達6000萬股且未達25%者，請說明股權流通性偏低
  之因應措施:不適用。
8.其他應敘明事項:
本公司於105年8月19日收到新北市政府105年8月18日新北府經司字第1055304025號函
核准減資變更登記，特此公告。"
"105/08/19","18:54:12","蔡杰原","總經理","公告本公司全體董事及監察人放棄
認購105年現金增資股數達得認購股數
二分之一以上，並洽由特定人認購事宜","1.事實發生日:105/08/19
2.董監事放棄認購原因:整體投資策略考量
3.董監事姓名、放棄認購股數及其占得認購股數之比率:
職稱    姓名                    放棄認購股數   占得認購股數之比率
-----------------------------   ------------   -------------------
董事長  陳俊雄                     947,692           100.00%
董事    江碧雲                     973,689           100.00%
董事    蔡杰原                       2,550            45.95%
董事    陳世偉                     368,947           100.00%
董事    陳松君                     182,702           100.00%
董事    源巢投資股份有限公司         9,407           100.00%
監察人  張山明                           0             0.00%
監察人  謝麟兒                      34,495           100.00%
監察人  王琮                        47,039           100.00%
-----------------------------   ------------   -------------------
4.特定人姓名及其認購股數:董監事放棄認購之股數，授權董事長洽特定人認購
5.其他應敘明事項:無"
"105/08/19","18:53:52","李姵儀","行政主管","本公司收到出售和新小客車租賃(股)公司應買人議價保證金款項","1.事實發生日:105/08/19
2.公司名稱:圓方創新(股)公司
3.與公司關係(請輸入本公司或子公司):本公司
4.相互持股比例:不適用
5.發生緣由:
關於本公司公告預計出售和新小客車租賃(股)公司之股權投資案,已於
105/08/19收到應買人議價之保證金款項新台幣2億7仟萬元
6.因應措施:無
7.其他應敘明事項:無"
"105/08/19","18:43:48","李姵儀","行政主管","公告本公司105年第一次股東臨時會重要決議事項","1.股東臨時會日期:105/08/19
2.重要決議事項:
一.表決通過本公司董事會得以分別或分次出售和新小客車租賃(股)公司及建新小客
車租賃(股)公司，但總和之價格不得低於10.5億元，並授權董事會以及董事長全權
處理合約以及交割事宜之修正議案。
二.表決同意本公司董事會「依據訴訟案判決狀況，評估續辦圓方創新股份有限公司
、萬達開發股份有限公司、食方餐飲股份有限公司及神去山股份有限公司簡易合併案
之利弊，並得於未來取銷辦理簡易合併案」。
3.其他應敘明事項:無"
"105/08/19","18:37:22","林明杉","總經理","本公司公告民國92~95年度營利事業所得稅行政
訴訟案判決結果","1.法律事件之當事人、法院名稱、處分機關及相關文書案號:
原告:中國信託金融控股股份有限公司，被告:財政部臺北國稅局
法院名稱或處分機關:臺北最高行政法院
文書案號:105年度判字第386~388及390號
2.事實發生日:105/08/19
3.發生原委（含爭訟標的）:本公司92~95年度營利事業所得稅結算申報，遭台北市國稅
局以認購權證自留款部位應加計營業收入，並否准認列發行認購權證避險損費，調整課
稅所得。另補繳稅款按日加計利息,以稅捐機關繳款通知書上金額為準。
4.處理過程:已依法申請復查、訴願及行政訴訟均遭駁回，遂向最高行政法院提起上訴,
最高行政法院判決本公司「上訴駁回」。
5.對公司財務業務影響及預估影響金額:權證部分影響稅額為1,081,298仟元，本公司業
已提列820,190仟元，不足稅額261,108仟元已調整入105年上半年財務報告，並經董事
會通過。上述訴訟判決結果不致影響本公司營運。
6.因應措施及改善情形:針對本案判決結果，擬研議後另採因應措施。
7.其他應敘明事項:無。"
"105/08/19","18:31:17","陳怡華","經理","本公司受邀參加證券櫃檯買賣中心於105年8月23日舉辦之「櫃買市場業績發表會」","符合條款第四條第XX款：12
事實發生日：105/08/23
1.召開法人說明會之日期：105/08/23
2.召開法人說明會之時間：16 時 00 分 
3.召開法人說明會之地點：櫃買中心11樓多媒體室（地址：台北市中正區羅斯福路二段100號11樓）
4.法人說明會擇要訊息：本公司受邀參加證券櫃檯買賣中心舉辦之「櫃買市場業績發表會」，並就公司營運及財務狀況作說明。
5.其他應敘明事項：無
完整財務業務資訊請至公開資訊觀測站之法人說明會一覽表或法說會項目下查閱。"
"105/08/19","18:13:44","何曉光","總經理","代重要子公司海景世界企業(股)公司公告現金減資變更登記完成","1.主管機關核准減資日期:105/08/12
2.辦理資本變更登記完成日期:105/08/12
3.對財務報告之影響（含實收資本額與流通在外股數之差異與對每股淨值之影響）:無
4.預計換股作業計畫:無
5.預計減資新股上櫃後之上櫃普通股股數:不適用
6.預計減資新股上櫃後之上櫃普通股股數占已發行普通股比率
（減資後上櫃普通股股數/減資後已發行普通股股數）:不適用
7.前二項預計減資後上櫃普通股股數未達500萬股且未達25%者，
請說明股權流通性偏低之因應措施:不適用
8.其他應敘明事項:105/08/19接獲會計師事務師轉交之變更登記核準函"
"105/08/19","18:07:16","謝宜玲","經理","董事會決議與力訊股份有限公司進行簡易合併","1.併購種類(如合併、分割、收購或股份受讓):
合併
2.事實發生日:105/8/19
3.參與併購公司名稱(如合併另一方公司、分割新設公司、收購或受讓股份標的公司之
名稱:
艾訊股份有限公司(存續公司，以下簡稱艾訊)
力訊股份有限公司(消滅公司，以下簡稱力訊)
4.交易相對人(如合併另一方公司、分割讓與他公司、收購或受讓股份之交易對象):
力訊股份有限公司
5.交易相對人為關係人:是
6.交易相對人與公司之關係(本公司轉投資持股達XX%之被投資公司)，並說明選定
收購、受讓他公司股份之對象為關係企業或關係人之原因及是否不影響股東權益:
力訊係艾訊轉投資持股達100%之被投資公司，擬依企業併購法第十九條規定
與力訊進行簡易合併，合併不換股，並不影響股東權益。
7.併購目的:
為精實營運效率與提升管理績效。
8.併購後預計產生之效益:
預期將達到簡化組織架構，整合集團資源的目標。
9.併購對每股淨值及每股盈餘之影響:
力訊係艾訊轉投資持股達100%之被投資公司，合併不換股，並不影響股東權益，
對每股淨值及每股盈餘並無影響。
10.換股比例及其計算依據:
力訊係艾訊轉投資持股達100%之被投資公司，本合併案係為集團組織重組，
合併不換股，故無換股比率之適用。
11.預定完成日程:
暫定合併基準日為105年10月1日。
12.既存或新設公司承受消滅(或分割)公司權利義務相關事項(註一):
合併基準日後，力訊(消滅公司)之資產、負債及截至合併基準日止仍為有效之
一切權利義務概由艾訊(存續公司)概括承受。
13.參與合併公司之基本資料(註二):
(1)艾訊股份有限公司，主要營業項目：工業用電腦及嵌入式單板主機板之設計、
製造及銷售。
(2)力訊股份有限公司，主要營業項目：工業用平板電腦及顯示器、
數位看板廣告機設計、製造及銷售。
14.分割之相關事項(含預定讓與既存公司或新設公司之營業、資產之評價價值；被
分割公司或其股東所取得股份之總數、種類及數量；被分割公司資本減少時，其資
本減少有關事項)(註：若非分割公告時，則不適用):
不適用。
15.併購股份未來移轉之條件及限制:
不適用。
16.其他重要約定事:
本次合併之相關事宜，除依法公告外，並依相關法規規定辦理。
17.本次交易，董事有無異議:否
18.其他敘明事項:
合併基準日若有變更，由雙方董事會授權艾訊董事長全權處理之。
註一、既存或新設公司承受消滅公司權利義務相關事項，包括庫藏股及已發行具有股權性質有
　　　價證券之處理原則。
註二：參與合併公司之基本資料包括公司名稱及所營業務
　　　之主要內容。"
"105/08/19","18:04:20","邢治平","發言人","代子公司鴻富錦精密電子(鄭州)有限公司公告取得理財產品","1.標的物之名稱及性質（屬特別股者，並應標明特別股約定發行條件，如股息率等）:
“名利雙收”人民幣理財計劃
2.事實發生日:105/8/19~105/8/19
3.交易數量、每單位價格及交易總金額:
人民幣2,500,000,000元
4.交易相對人及其與公司之關係（交易相對人如屬自然人，且非公司之
關係人者，得免揭露其姓名）:
廣東發展銀行鄭州分行;無
5.交易相對人為關係人者，並應公告選定關係人為交易對象之原因及前次移
轉之所有人、前次移轉之所有人與公司及交易相對人間相互之關係、前次
移轉日期及移轉金額:
不適用
6.交易標的最近五年內所有權人曾為公司之關係人者，尚應公告關係人之取
得及處分日期、價格及交易當時與公司之關係:
不適用
7.本次係處分債權之相關事項（含處分之債權附隨擔保品種類、處分債權
如有屬對關係人債權者尚需公告關係人名稱及本次處分該關係人之債權
帳面金額:
不適用
8.處分利益（或損失）（取得有價證券者不適用）（原遞延者應列表說明
認列情形）:
不適用
9.交付或付款條件（含付款期間及金額）、契約限制條款及其他重要約定
事項:
一次性付清
10.本次交易之決定方式、價格決定之參考依據及決策單位:
依公司核定權限辦理
11.迄目前為止，累積持有本交易證券（含本次交易）之數量、金額、持股
比例及權利受限情形（如質押情形）:
人民幣6,820,000,000元
12.迄目前為止，依「公開發行公司取得或處分資產處理準則」第三條所列
之有價證券投資（含本次交易）占公司最近期財務報表中總資產及歸屬
於母公司業主之權益之比例暨最近期財務報表中營運資金數額（註二）:
占總資產比例：1.6521%
占業主權益比例：4.3913%
營運資金數額：新台幣131,768,410仟元
13.經紀人及經紀費用:
無
14.取得或處分之具體目的或用途:
投資理財/保本保收益型理財產品
15.本次交易表示異議董事之意見:
無
16.本次交易為關係人交易:否
17.董事會通過日期:
不適用
18.監察人承認日期:
不適用
19.本次交易會計師出具非合理性意見:否
20.其他敘明事項:
無"
"105/08/19","18:03:55","邢治平","發言人","代子公司富泰華工業(深圳)有限公司公告取得理財產品","1.標的物之名稱及性質（屬特別股者，並應標明特別股約定發行條件，如股息率等）:
廣發銀行“廣贏安薪”保證收益型(A款)人民幣理財計劃
2.事實發生日:105/8/19~105/8/19
3.交易數量、每單位價格及交易總金額:
人民幣1,000,000,000元
4.交易相對人及其與公司之關係（交易相對人如屬自然人，且非公司之
關係人者，得免揭露其姓名）:
廣發銀行股份有限公司深圳分行;無
5.交易相對人為關係人者，並應公告選定關係人為交易對象之原因及前次移
轉之所有人、前次移轉之所有人與公司及交易相對人間相互之關係、前次
移轉日期及移轉金額:
不適用
6.交易標的最近五年內所有權人曾為公司之關係人者，尚應公告關係人之取
得及處分日期、價格及交易當時與公司之關係:
不適用
7.本次係處分債權之相關事項（含處分之債權附隨擔保品種類、處分債權
如有屬對關係人債權者尚需公告關係人名稱及本次處分該關係人之債權
帳面金額:
不適用
8.處分利益（或損失）（取得有價證券者不適用）（原遞延者應列表說明
認列情形）:
不適用
9.交付或付款條件（含付款期間及金額）、契約限制條款及其他重要約定
事項:
一次性付清
10.本次交易之決定方式、價格決定之參考依據及決策單位:
依公司核定權限辦理
11.迄目前為止，累積持有本交易證券（含本次交易）之數量、金額、持股
比例及權利受限情形（如質押情形）:
人民幣1,000,000,000元
12.迄目前為止，依「公開發行公司取得或處分資產處理準則」第三條所列
之有價證券投資（含本次交易）占公司最近期財務報表中總資產及歸屬
於母公司業主之權益之比例暨最近期財務報表中營運資金數額（註二）:
占總資產比例：1.7320%
占業主權益比例：4.6036%
營運資金數額：新台幣131,768,410仟元
13.經紀人及經紀費用:
無
14.取得或處分之具體目的或用途:
投資理財/保本保證收益型理財產品
15.本次交易表示異議董事之意見:
無
16.本次交易為關係人交易:否
17.董事會通過日期:
不適用
18.監察人承認日期:
不適用
19.本次交易會計師出具非合理性意見:否
20.其他敘明事項:
無"
"105/08/19","18:03:21","邢治平","發言人","代子公司福士瑞精密工業(成都)有限公司公告處分理財產品","1.標的物之名稱及性質（屬特別股者，並應標明特別股約定發行條件，如股息率等）:
中銀保本理財-人民幣按期開放
2.事實發生日:105/8/19~105/8/19
3.交易數量、每單位價格及交易總金額:
人民幣70,000,000元
4.交易相對人及其與公司之關係（交易相對人如屬自然人，且非公司之
關係人者，得免揭露其姓名）:
中國銀行成都高新技術產業開發區支行;無
5.交易相對人為關係人者，並應公告選定關係人為交易對象之原因及前次移
轉之所有人、前次移轉之所有人與公司及交易相對人間相互之關係、前次
移轉日期及移轉金額:
不適用
6.交易標的最近五年內所有權人曾為公司之關係人者，尚應公告關係人之取
得及處分日期、價格及交易當時與公司之關係:
不適用
7.本次係處分債權之相關事項（含處分之債權附隨擔保品種類、處分債權
如有屬對關係人債權者尚需公告關係人名稱及本次處分該關係人之債權
帳面金額:
不適用
8.處分利益（或損失）（取得有價證券者不適用）（原遞延者應列表說明
認列情形）:
處分利益:人民幣191,589.04元
9.交付或付款條件（含付款期間及金額）、契約限制條款及其他重要約定
事項:
一次性付清
10.本次交易之決定方式、價格決定之參考依據及決策單位:
依公司核定權限辦理
11.迄目前為止，累積持有本交易證券（含本次交易）之數量、金額、持股
比例及權利受限情形（如質押情形）:
累積持有金額:0元
12.迄目前為止，依「公開發行公司取得或處分資產處理準則」第三條所列
之有價證券投資（含本次交易）占公司最近期財務報表中總資產及歸屬
於母公司業主之權益之比例暨最近期財務報表中營運資金數額（註二）:
占總資產比例：0.0000%
占業主權益比例：0.0000%
營運資金數額：新台幣131,768,410仟元
13.經紀人及經紀費用:
無
14.取得或處分之具體目的或用途:
投資理財
15.本次交易表示異議董事之意見:
無
16.本次交易為關係人交易:否
17.董事會通過日期:
不適用
18.監察人承認日期:
不適用
19.本次交易會計師出具非合理性意見:否
20.其他敘明事項:
無"
"105/08/19","18:00:53","蔡杰原","總經理","本公司105年現金增資催繳股款公告","1.事實發生日:105/08/19
2.公司名稱:久裕興業科技股份有限公司
3.與公司關係(請輸入本公司或聯屬公司):本公司
4.相互持股比例(若前項為本公司，請填不適用):不適用
5.發生緣由:本公司105年現金增資認股繳款期限已於105年8月19日截止，尚有部份股東及
員工尚未繳納現金增資股款，特此催告。
6.因應措施:
(1)茲依公司法第266條第3項準用同法第142條之規定，特此公告催繳。
(2)謹定自105年8月22日起至105年9月22日止為股款催繳期間，尚未繳款之股東及員工請
於上述期間內，持本公司原寄發之現金增資認股繳款書前往第一商業銀行大雅分行及全
省各分行(豐原分行除外)繳納，若有繳納股款相關問題請洽本公司股務代理機構中國信
託商業銀行代理部洽詢繳款事宜，逾期未繳納股款者即喪失其認股之權利。
(3)增資發行新股股票，俟呈奉主管機關核准變更登記後30日內以無實體發放，屆時除另
行公告外，將分函通知各股東。
7.其他應敘明事項:以上所述，若 貴股東有任何疑問，敬請洽詢本公司股務代理機構中國
信託商業銀行代理部(地址：台北市重慶南路一段83號5樓，電話：02-6636-5566)。"
"105/08/19","17:59:40","巫俊毅","投資長兼發言人","代子公司可利科技(蘇州工業園區)有限公司公告新增資金貸與
餘額達公告標準，依「公開發行公司資金貸與及背書保證處理
準則」第二十二條第一項第三款規定辦理。","1.事實發生日:105/08/19
2.接受資金貸與之:
(1)公司名稱:可勝科技(泰州)有限公司
(2)與資金貸與他人公司之關係:
聯屬企業，本公司持股100%之子公司
(3)資金貸與之限額(仟元):112479553
(4)原資金貸與之餘額(仟元):0
(5)本次新增資金貸與之金額(仟元):3894840
(6)是否為董事會授權董事長對同一貸與對象分次撥貸或循環動用之資金貸與:是
(7)迄事實發生日止資金貸與餘額(仟元):3894840
(8)本次新增資金貸與之原因:
短期資金融通
3.接受資金貸與公司所提供擔保品之:
(1)內容:
無
(2)價值(仟元):0
4.接受資金貸與公司最近期財務報表之:
(1)資本(仟元):5846005
(2)累積盈虧金額(仟元):10032952
5.計息方式:
依合約
6.還款之:
(1)條件:
依合約
(2)日期:
依合約
7.迄事實發生日為止，資金貸與餘額(仟元):
30579824
8.迄事實發生日為止，資金貸與餘額占公開發行公司最近期財務報表淨值之比率:
27.19
9.公司貸與他人資金之來源:
子公司本身
10.其他應敘明事項:
無"
"105/08/19","17:54:31","林維俊","財務長","台新金控代子公司祥安人身保險代理人股份有限公司
公告總經理異動","1.董事會決議日期或發生變動日期:105/08/19
2.人員別（請輸入董事長或總經理）:總經理
3.舊任者姓名及簡歷:安郁立,祥安人身保險代理人股份有限公司總經理
4.新任者姓名及簡歷:戴國明,台新國際商業銀行副總經理
5.異動情形（請輸入「辭職」、「解任」、「任期屆滿」、「職務調整」、「資遣」、
「退休」、「逝世」或「新任」）:退休
6.異動原因:退休
7.新任生效日期:105/09/01
8.其他應敘明事項:無"
"105/08/19","17:53:33","林維俊","財務長","代子公司祥安人身保險代理人(原名稱:台新保險代理人)公告
完成公司名稱變更登記。","1.事實發生日:105/08/19
2.公司名稱:祥安人身保險代理人股份有限公司
(原名稱：台新保險代理人股份有限公司)
3.與公司關係(請輸入本公司或子公司):子公司
4.相互持股比例:87.4%
5.發生緣由:於105.08.19接獲主管機關核准公司名稱變更登記。
6.因應措施:無
7.其他應敘明事項:無"
"105/08/19","17:50:43","許婉美","總經理","富邦金控代子公司富邦證券公告參與富邦金控創投現金增資","1.標的物之名稱及性質（屬特別股者，並應標明特別股約定發行條件，如股息率等）:
富邦金控創投普通股
2.事實發生日:105/8/19~105/8/19
3.交易單位數量、每單位價格及交易總金額:
交易單位數量：29,410仟股
每單位價格：新台幣17元
交易總金額：新台幣499,970仟元
4.交易相對人及其與公司之關係（交易相對人如屬自然人，且非公司之
關係人者，得免揭露其姓名）:
交易相對人：富邦金控創業投資股份有限公司
其與公司之關係：
富邦金控創投與富邦證券皆為富邦金控子公司
5.交易相對人為關係人者，並應公告選定關係人為交易對象之原因及前次移
轉之所有人、前次移轉之所有人與公司及交易相對人間相互之關係、前次
移轉日期及移轉金額:
選定關係人為交易對象之原因：富邦證券參與富邦金控創投現金增資。 
前次移轉之所有人、移轉價格及取得日期:不適用。
6.交易標的最近五年內所有權人曾為公司之關係人者，尚應公告關係人之取
得及處分日期、價格及交易當時與公司之關係:
不適用
7.本次係處分債權之相關事項（含處分之債權附隨擔保品種類、處分債權
如有屬對關係人債權者尚需公告關係人名稱及本次處分該關係人之債權
帳面金額:
不適用
8.處分利益（或損失）（取得有價證券者不適用）（遞延者應列表說明
認列情形）:
不適用
9.交付或付款條件（含付款期間及金額）、契約限制條款及其他重要約定
事項:
交付或付款條件：交易總金額為新台幣499,970仟元
契約限制條款：無
其他重要約定：無
10.本次交易之決定方式、價格決定之參考依據及決策單位:
交易之決定方式及決策單位:董事會
價格決定之參考依據：富邦金控創投參考最近期每股淨值，訂定以每股17元發行
11.取得或處分有價證券標的公司每股淨值:
                 16.76元
12.迄目前為止，累積持有本交易證券（含本次交易）之數量、金額、持股
比例及權利受限情形（如質押情形）:
累積持有股數：52,190仟股、累積持有金額：新台幣649,970仟元 
累積持股比例：11.20%
權利受限情形：無
13.迄目前為止，依「公開發行公司取得或處分資產處理準則」第三條所列
之有價證券投資（含本次交易）占公司最近期財務報表中總資產及歸屬
於母公司業主之權益之比例暨最近期財務報表中營運資金數額:
占公司最近期財務報表總資產比例:0.10%
占公司最近期財務報表中股東權益比例:0.13%
最近期財務報表中營運資金數額: 金控業與銀行業不適用營運資金計算
14.經紀人及經紀費用:
無
15.取得或處分之具體目的或用途:
考量可運用創投事業之產業脈絡，拓展新興事業的投資佈局及發掘具潛力的
新興事業，以增加本公司投資收益
16.本次交易表示異議董事之意見:
無
17.本次交易為關係人交易:是
18.董事會通過日期:
民國105年8月19日
19.監察人承認或審計委員會同意日期:
民國105年8月19日
20.本次交易會計師出具非合理性意見:否
21.其他敘明事項:
無"
"105/08/19","17:49:10","許婉美","總經理","富邦金控代子公司富邦證券公告所有座落台北市大安區
懷生段二小段495.495-1地號土地，同意參與富邦建設
產險大樓都市更新案","1.契約種類:都市更新計畫同意書
2.事實發生日:105/08/19~105/08/19
3.契約相對人及其與公司之關係:
富邦建設股份有限公司之監察人黃世村同時為富邦人壽保險股份有限公司之監察人，
而本公司與富邦人壽同為富邦金控之子公司
4.契約主要內容（含契約總金額、預計參與投入之金額及契約起迄日期）
、限制條款及其他重要約定事項:
產險大樓更新後本公司可分配價值約為593,413,090元。
5.專業估價者事務所或公司名稱及其估價結果:
高源不動產估價師聯合事務所估價結果：更新前權利價值為384,489,262元(權值比例
 5.2993%)，更新後應分配價值為593,413,090元(權值比例3.47%)。
6.不動產估價師姓名:
高源不動產估價師聯合事務所：陳碧源估價師。
不動產估價師證書字號:(93)台內估字第000164號。
7.不動產估價師開業證書字號:
高源不動產估價師聯合事務所，開業證號：(98)宜縣估字第000020號。
8.取得之具體目的:
本案都更參與不僅有利老舊建築物改善，都更後成為區域象微性地標，並有利於
富邦綜合證券獲取業外收益。
9.本次交易表示異議之董事意見:
N/A
10.本次交易為關係人交易:是
11.董事會通過日期:
1.民國105年8月19日
12.監察人承認或審計委員會同意日期:
1.民國105年8月19日
13.估價報告是否為限定價格、特定價格或特殊價格:否
14.是否尚未取得估價報告:否
15.尚未取得估價報告之原因:

16.與交易金額比較有重大差異原因及會計師意見:
N/A
17.其他敘明事項:
高源不動產估價師聯合事務所估值為本案參考依據。"
"105/08/19","17:47:12","郭美航","財務部經理","公告本公司第十二次買回庫藏股15,000仟股已100%執行完畢","1.原預定買回股份總金額上限(元):695,918,115
2.原預定買回之期間:105/08/05~105/10/04
3.原預定買回之數量(股):15,000,000
4.原預定買回區間價格(元):27.00~33.50
5.本次實際買回期間:105/08/05~105/08/19
6.本次已買回股份數量(股):15,000,000
7.本次已買回股份總金額(元):459,264,288
8.本次平均每股買回價格(元):30.62
9.累積已持有自己公司股份數量(股):22,000,000
10.累積已持有自己公司股份數量占公司已發行股份總數之比率(%):2.64
11.本次未執行完畢之原因:

12.其他應敘明事項:
無."
"105/08/19","17:42:08","鄭應娜","副總經理","代本公司之重要子公司森森百貨(股)公司公告召開
105年第二次股東臨時會","1.董事會決議日期:105/08/19
2.股東臨時會召開日期:105/09/05
3.股東臨時會召開地點:新北市中和區景平路258號3樓
4.召集事由一、報告事項:無
5.召集事由二、承認事項:無
6.召集事由三、討論事項:辦理現金減資退還股款案
7.召集事由四、選舉事項:無
8.召集事由五、其他議案:無
9.召集事由六、臨時動議:無
10.停止過戶起始日期:105/08/22
11.停止過戶截止日期:105/09/05
12.其他應敘明事項:無"
"105/08/19","17:41:54","鄭應娜","副總經理","代本公司之重要子公司森森百貨(股)公司公告辦理
現金減資乙案","1.董事會決議日期:105/08/19
2.減資緣由:調整資本結構及提升股東權益報酬率
3.減資金額:新台幣514,000,000元整
4.消除股份:51,400,000股
5.減資比率:50%
6.減資後股本:新台幣514,000,000元整
7.預定股東會日期:105/09/05
8.預計減資新股上市後之上市普通股股數:不適用
9.預計減資新股上市後之上市普通股股數占已發行普通股比率
（減資後上市普通股股數/減資後已發行普通股股數）:不適用
10.前二項預計減資後上巿普通股股數未達6000萬股且未達25%者，
請說明股權流通性偏低之因應措施:不適用
11.其他應敘明事項:減少之股本，將依減資基準日股東名簿記載各股東原持有股份
比例減少之，全數以現金將股款退還各股東，其他不滿一股之畸零股，授權董事長
洽特定人按面額認購之。"
"105/08/19","17:41:30","鄭應娜","副總經理","代本公司之重要子公司森森百貨(股)公司公告
簽訂商標授權使用合約乙案","1.事實發生日:105/08/19
2.契約或承諾相對人:東森得易購股份有限公司
3.與公司關係:不適用
4.契約或承諾起迄日期（或解除日期）:不適用
5.主要內容（解除者不適用）:擬與東森得易購(股)公司簽訂商標授權使用合約，
進行策略性合作。
6.限制條款（解除者不適用）:不適用
7.對公司財務、業務之影響（解除者不適用）:不適用
8.具體目的（解除者不適用）:提升森森百貨(股)公司營收，並降低宣傳等營運成本。
9.其他應敘明事項:經森森百貨(股)公司105年8月19日第五屆第三次董事會決議通過後
，授權董事長與東森得易購(股)公司就商標授權使用(例如:東森購物、EHS...等)
乙案進行議定，並簽訂授權合約。"
"105/08/19","17:40:53","林立人","財務經理","公告本公司因違反空氣汙染防制法，遭裁處罰鍰新台幣10萬元整。","1.事實發生日 :105/08/19
2.發生緣由:本公司於105/08/19收到屏東縣政府函，本公司因違反空氣汙
染防制法第24條第2項，遭裁處罰鍰新台幣10萬元整，並限期改善。
3.處理過程:本公司將依裁處書中所載之期限繳納罰鍰，並於期限前完成改善。
4.預估可能損失:罰鍰新台幣10萬元整。
5.可能獲得保險理賠之金額:0元。
6.預計改善情形及未來因應措施:將依據空氣污染防制法第24條第2項之規定辦理。
7.其他應敘明事項:無。"
"105/08/19","17:38:53","鄭應娜","副總經理","代本公司之重要子公司森森百貨(股)公司公告新設商貿子公司乙案","1.標的物之名稱及性質（屬特別股者，並應標明特別股約定發行條件，如股息率等）:
標的物名稱：商貿子公司(公司名稱未定)
標的物性質：普通股
2.事實發生日:105/8/19~105/8/19
3.交易數量、每單位價格及交易總金額:
交易數量：250,000股
每單位價格：新台幣10元
交易總金額：新台幣2,500,000元
4.交易相對人及其與公司之關係（交易相對人如屬自然人，且非公司之
關係人者，得免揭露其姓名）:
新設商貿子公司為森森百貨(股)公司持股50%之轉投資公司
5.交易相對人為關係人者，並應公告選定關係人為交易對象之原因及前次移
轉之所有人、前次移轉之所有人與公司及交易相對人間相互之關係、前次
移轉日期及移轉金額:
不適用
6.交易標的最近五年內所有權人曾為公司之關係人者，尚應公告關係人之取
得及處分日期、價格及交易當時與公司之關係:
不適用
7.本次係處分債權之相關事項（含處分之債權附隨擔保品種類、處分債權
如有屬對關係人債權者尚需公告關係人名稱及本次處分該關係人之債權
帳面金額:
不適用
8.處分利益（或損失）（取得有價證券者不適用）（原遞延者應列表說明
認列情形）:
不適用
9.交付或付款條件（含付款期間及金額）、契約限制條款及其他重要約定
事項:
依105年8月19日森森百貨(股)公司第五屆第三次董事會決議辦理
10.本次交易之決定方式、價格決定之參考依據及決策單位:
經105年8月19日森森百貨(股)公司第五屆第三次董事會決議
11.迄目前為止，累積持有本交易證券（含本次交易）之數量、金額、持股
比例及權利受限情形（如質押情形）:
累計持股：250,000股
金額：2,500,000元
持股比例：50%
權利受限情形：無限制
12.迄目前為止，依「公開發行公司取得或處分資產處理準則」第三條所列
之有價證券投資（含本次交易）占公司最近期財務報表中總資產及歸屬
於母公司業主之權益之比例暨最近期財務報表中營運資金數額（註二）:
長短期有價證券投資佔總資產比例：0.15%
長短期有價證券投資佔股東權益比例：0.35% 
營運資金數額：1,038,775,000元
13.經紀人及經紀費用:
無
14.取得或處分之具體目的或用途:
為加強發展商貿業務
15.本次交易表示異議董事之意見:
無
16.本次交易為關係人交易:是
17.董事會通過日期:
民國 105 年 08 月 19 日
18.監察人承認日期:
不適用，本公司未設置審計委員會
19.本次交易會計師出具非合理性意見:否
20.其他敘明事項:
本案股權取得相關事宜擬授權董事長及其指定之人全權處理"
"105/08/19","17:36:10","羅美煒","財務長","本公司收回已發行之限制員工權利新股辦理註銷完成公告","1.主管機關核准減資日期:102/10/02
2.辦理資本變更登記完成日期:105/08/17
3.對財務報告之影響（含實收資本額與流通在外股數之差異與對每股淨值之影響）:
　(1)收回已發行之限制員工權利新股註銷減資前：本公司實收資本額為
 　　新台幣1,331,161,150元，在外流通股數為133,116,115股，每股淨
　 　值為新台幣39.82元。
　(2)收回已發行之限制員工權利新股註銷減資後：本公司實收資本額為
　　 新台幣1,330,861,540元，在外流通股數為133,086,154股，每股淨
　　 值為新台幣39.83元。
4.預計換股作業計畫:不適用。
5.預計減資新股上櫃後之上櫃普通股股數:不適用。
6.預計減資新股上櫃後之上櫃普通股股數占已發行普通股比率
（減資後上櫃普通股股數/減資後已發行普通股股數）:不適用。
7.前二項預計減資後上櫃普通股股數未達500萬股且未達25%者，
請說明股權流通性偏低之因應措施:不適用。
8.其他應敘明事項:
　(1)以上每股淨值係依最近一期(105Q2)會計師查核財務報告計算之。
　(2)本公司本次辦理收回已發行之限制員工權利新股註銷減資股數為29,961股。"
"105/08/19","17:33:41","施俊男","副總經理","本公司董事會決議與北新集團建材股份有限公司簽訂合作
框架協議書","1.事實發生日:105/08/19
2.契約或承諾相對人:北新集團建材股份有限公司
3.與公司關係:非關係人
4.契約或承諾起迄日期（或解除日期）:105/08/19
5.主要內容（解除者不適用）:
(1)雙方建立全面戰略合作夥伴關係，充分發揮北新在礦棉板及青鋼在烤漆龍骨領域的優
勢，共同致力於為全球客戶提供高品質烤漆龍骨和礦棉板吊頂系統以及其他高品質金屬
建材。
(2)為了進一步提升烤漆龍骨業務的競爭力，青鋼同意將其間接持有的上海青鋼股權轉讓
給北新。股權轉讓價格以審計評估和盡職調查結果為依據由各方協商確定。
(3)青鋼的微孔吸音板，將與北新另行簽訂合作協議，未來北新將成為青鋼在中國大陸地
區的優先合作夥伴，充分發揮其優勢全面支持微孔吸音板的市場拓展。
6.限制條款（解除者不適用）:依框架協議約定。
7.對公司財務、業務之影響（解除者不適用）:本框架協議旨在確認雙方合作意願、基本
價格與原則，目前對公司財務、業務並未產生影響。
8.具體目的（解除者不適用）:確定雙方合作共識作為未來正式契約之依據。
9.其他應敘明事項:投資人應注意，本交易案須由本公司及北新公司雙方董事會決議通過
，始能確定雙方權利義務並簽署正式契約，並將於取得相關主管機關許可暨其他交易先
決條件成就後始得進行交割。"
"105/08/19","17:32:37","許繼文","副總經理","代重要子公司琣X投資股份有限公司公告
現金增資基準日","1.事實發生日:105/08/19
2.公司名稱:琣X投資股份有限公司
3.與公司關係(請輸入本公司或子公司):子公司
4.相互持股比例:100%
5.發生緣由:
1.本公司於民國105年08月10日經董事會決議發行新股普通股2,445,000股
，每股發行價格新台幣10元，共計24,450,000元。
2.截至本日為止股款尚未收足，為營運需要，擬將現金增資發行普通股新股
2,445,000股降低為2,290,746股，每股發行價格新台幣10元，
共計22,907,460元。
3訂定增資基準日為105年08月19日。
6.因應措施:無
7.其他應敘明事項:無"
"105/08/19","17:29:56","楊克禮","董事","公告本公司辦理現金減資完成實收資本額變更登記","1.主管機關核准減資日期:105/08/03
2.辦理資本變更登記完成日期:105/08/19
3.對財務報告之影響（含實收資本額與流通在外股數之差異與對每股淨值之影響）:
(1)實收資本額:變更前NT$2,564,734,970元，變更後NT$1,974,845,930元。
(2)流通在外股數:變更前256,473,497股，變更後197,484,593股。
(3)每股淨值:變更前42.90元，變更後52.73元。
(註:每股淨值係以105年第2季之財務報表為設算依據)
4.預計換股作業計畫:
(1)減資股票最後過戶日：民國105年9月28日。
(2)減資股票停止過戶期間：民國105年9月29日起至105年10月6日。
(3)減資股票停止買賣期間：民國105年9月27日起至105年10月6日。
(4)減資換發股票基準日：105年10月3日。
(5)新股上市買賣暨舊股終止上市日期：民國105年10月7日。
5.預計減資新股上市後之上市普通股股數:197,484,593股
6.預計減資新股上市後之上市普通股股數占已發行普通股比率
 （減資後上市普通股股數/減資後已發行普通股股數）:100%。
7.前二項預計減資後上巿普通股股數未達6000萬股且未達25%者，請說明股權流通性偏低
  之因應措施:不適用
8.其他應敘明事項:
1.本公司減資資本變更登記業經經濟部商業司105年08月19日商字第10501203760函
  核准在案，公司收文日期為105年08月19日。
2.上述換股作業計畫尚未經主管機關核備，若核備後內容有所變動，
  本公司將另行公告變更之。"
"105/08/19","17:18:21","李俊寬","總管理處副總經理","本公司訂購機器設備公告","1.標的物之名稱及性質（如坐落台中市北區ＸＸ段ＸＸ小段土地）:
營業用機器設備
2.事實發生日:104/9/4~105/8/19
3.交易單位數量（如ＸＸ平方公尺，折合ＸＸ坪）、每單位價格及交易總金額:
交易數量：一批 
交易總金額：535,731,420
4.交易相對人及其與公司之關係（交易相對人如屬自然人，且非公司之關
係人者，得免揭露其姓名）:
Fasford Technology Co., Ltd.；與公司關係:無
5.交易相對人為關係人者，並應公告選定關係人為交易對象之原因及前次移轉之
所有人、前次移轉之所有人與公司及交易相對人間相互之關係、前次移轉日期
及移轉金額:
不適用
6.交易標的最近五年內所有權人曾為公司之關係人者，尚應公告關係
人之取得及處分日期、價格及交易當時與公司之關係:
不適用
7.預計處分利益（或損失）（取得資產者不適用）（遞延者應列表說明
認列情形）:
不適用
8.交付或付款條件（含付款期間及金額）、契約限制條款及其他重要約定
事項:
依供應商付款條件
9.本次交易之決定方式（如招標、比價或議價）、價格決定之參考依據及
決策單位:
經與供應商比價與議價後，由使用單位與採購部徵得董事長核定，並事後向董事會報備
10.專業估價者事務所或公司名稱及其估價金額:
不適用
11.專業估價師姓名:
不適用
12.專業估價師開業證書字號:
不適用
13.估價報告是否為限定價格、特定價格或特殊價格:否
14.是否尚未取得估價報告:是
15.尚未取得估價報告之原因:
不適用
16.與交易金額比較有重大差異原因及會計師意見:
不適用
17.經紀人及經紀費用:
不適用
18.取得或處分之具體目的或用途:
供生產用
19.本次交易表示異議之董事之意見:
不適用
20.本次交易為關係人交易:否
21.董事會通過日期:
不適用
22.監察人承認或審計委員會同意日期:
不適用
23.本次交易係向關係人取得不動產:否
24.依「公開發行公司取得或處分資產處理準則」第十五條規定
評估之價格:不適用
25.依前項評估之價格較交易價格為低者，依同準則第十六條規
定評估之價格:不適用
26.其他敘明事項:
無"
"105/08/19","17:15:07","林君憲","董事長特助","代子公司東莞東聚電子電訊製品有限公司公告取得興業銀行
理財產品","1.標的物之名稱及性質（屬特別股者，並應標明特別股約定發行條件，如股息率等）:
興業銀行結構性存款
2.事實發生日:105/8/4~105/8/19
3.交易數量、每單位價格及交易總金額:
交易數量: 不適用
每單位價格: 不適用
交易總金額: 新台幣596,828,120元
4.交易相對人及其與公司之關係（交易相對人如屬自然人，且非公司之
關係人者，得免揭露其姓名）:
交易相對人: 興業銀行
與公司之關係: 無
5.交易相對人為關係人者，並應公告選定關係人為交易對象之原因及前次移
轉之所有人、前次移轉之所有人與公司及交易相對人間相互之關係、前次
移轉日期及移轉金額:
不適用
6.交易標的最近五年內所有權人曾為公司之關係人者，尚應公告關係人之取
得及處分日期、價格及交易當時與公司之關係:
不適用
7.本次係處分債權之相關事項（含處分之債權附隨擔保品種類、處分債權
如有屬對關係人債權者尚需公告關係人名稱及本次處分該關係人之債權
帳面金額:
不適用
8.處分利益（或損失）（取得有價證券者不適用）（原遞延者應列表說明
認列情形）:
不適用
9.交付或付款條件（含付款期間及金額）、契約限制條款及其他重要約定
事項:
交付或付款條件: 匯款 (一次付清)
契約限制: 無
其他重要約定事項: 無
10.本次交易之決定方式、價格決定之參考依據及決策單位:
本次交易之決定方式:不適用
利率決定之參考依據: 依雙方議價
決策單位: 財務部
11.迄目前為止，累積持有本交易證券（含本次交易）之數量、金額、持股
比例及權利受限情形（如質押情形）:
目前持有數量: 不適用
金額: 新台幣558,323,080元
持股比例: 不適用
權利受限情形: 不適用
12.迄目前為止，依「公開發行公司取得或處分資產處理準則」第三條所列
之有價證券投資（含本次交易）占公司最近期財務報表中總資產及歸屬
於母公司業主之權益之比例暨最近期財務報表中營運資金數額（註二）:
佔總資產比例：1.53%
佔股東權益比率：5.52%
營運資金金額：新台幣5,794,138仟元
13.經紀人及經紀費用:
無
14.取得或處分之具體目的或用途:
短期投資
15.本次交易表示異議董事之意見:
無
16.本次交易為關係人交易:否
17.董事會通過日期:
不適用
18.監察人承認日期:
不適用
19.本次交易會計師出具非合理性意見:否
20.其他敘明事項:
無"
"105/08/19","17:14:40","劉信宏","總經理室經理","公告本公司105年除息基準日相關事宜","1.董事會、股東會決議或公司決定日期:105/08/19
2.除權、息類別（請填入「除權」、「除息」或「除權息」）:除息
3.發放股利種類及金額:股東現金股利新台幣147,644,298元，每股
配發新台幣3元。
4.除權（息）交易日:105/09/13
5.最後過戶日:105/09/17
6.停止過戶起始日期:105/09/18
7.停止過戶截止日期:105/09/22
8.除權（息）基準日:105/09/22
9.其他應敘明事項:
(1)現金股利發放日為105/10/14。
(2)因105/09/17適逢例假日，故現場過戶日提前至105/09/14。"
"105/08/19","17:12:00","黃啟峰","總經理","更正本公司民國104年度之內部控制制度聲明書","1.董事會通過日期:105/08/19
2.變更後之內部控制制度聲明書類型:表示設計或執行有重大缺失-遵循法令規章部分採
全部法令規章均聲明
3.變更緣由:依財團法人中華民國證券櫃買中心函令，委託會計師就本公司及子公司
104年度內部控制制度執行情形進行專案審查。
4.因應措施:本公司依據會計師專案審查結果，更正104年度之內部控制制度聲明書。
5.其他應敘明事項:無"
"105/08/19","17:10:50","黃啟峰","總經理","公告本公司研發主管異動","1.人員變動別（請輸入發言人、代理發言人、重要營運主管之名稱、財務主管、會計主
管、研發主管、內部稽核主管或訴訟及非訟代理人）:研發主管
2.發生變動日期:105/08/19
3.舊任者姓名、級職及簡歷:張錦泉，本公司現任研發中心處長
4.新任者姓名、級職及簡歷:廖浩嘉，本公司現任半導體靶材專案處副處長
5.異動情形（請輸入「辭職」、「職務調整」、「資遣」、「退休」、「死亡」、「新
任」或「解任」）:退休
6.異動原因:退休
7.生效日期:105/08/31
8.新任者聯絡電話:06-5110123
9.其他應敘明事項:無"
"105/08/19","17:10:05","黃啟峰","總經理","公告重編本公司100年至104年間各受影響季度之財報","1.事實發生日:105/08/19
2.更正且重編之財務報告年季:100年至104年間各受影響季度之財報
3.發生緣由:本公司依法應重編前揭財務報告。
4.主管機關限定更正之日期:105/08/15
5.與前次公告財務報告之主要差異:尚待清查中。
6.因應措施:函請金管會再予展延本公司重編財報之重行公告申報期限。
7.其他應敘明事項:本公司於今年6月22日委任繼任會計師，並積極配合繼任會計師之要
求，清查可能影響財報之資訊，重編受影響年度之財報，以提供繼任會計師重新查核簽
證。惟因受影響之財報長達5個年度，實未能於一個多月的時間內完成，故無法於金管
會所定105年8月15日之期限前重行公告申報。"
"105/08/19","17:06:13","賴俊文","副總經理","公告本公司國內第三次有擔保可轉換公司債
存儲專戶及代收價款專戶合約事宜","1.事實發生日:105/08/19
2.公司名稱:樺晟電子股份有限公司
3.與公司關係(請輸入本公司或子公司):本公司
4.相互持股比例:不適用
5.發生緣由:
依據「發行人募集與發行有價證券處理準則」第九條第二款規定辦理公告
6.因應措施:
(1)訂約日期：105年08月19日
(2)代收價款行庫：第一商業銀行信義分行
(3)存儲專戶行庫：大眾商業銀行營業部
7.其他應敘明事項:無"
"105/08/19","17:05:20","林達三","財務長","公告本公司與聯貸銀行團簽訂聯合授信合約","1.事實發生日:105/08/19
2.契約或承諾相對人:由合作金庫商業銀行擔任統籌主辦銀行，
參加銀行為臺灣中小企業銀行、彰化商業銀行、華南商業銀行、
第一商業銀行、臺灣土地銀行及兆豐國際商業銀行等。
3.與公司關係:無。
4.契約或承諾起迄日期（或解除日期）:自首次動用日起算屆滿3年之日止。
5.主要內容（解除者不適用）:總額度新臺幣10億元整之聯合授信合約。
6.限制條款（解除者不適用）:依聯合授信合約辦理。
7.對公司財務、業務之影響（解除者不適用）:依聯合授信合約辦理。
8.具體目的（解除者不適用）:購買機器設備。
9.其他應敘明事項:無。"
"105/08/19","17:00:04","莊亞菘","集團投資關係室經理","更正8/18代子公司艾美特電器(深圳)有限公司依「公開
發行公司資金貸與及背書保證處理準則」公告，事實發生日
誤植申報","1.事實發生日:105/08/19
2.公司名稱:艾美特(開曼)國際有限公司
3.與公司關係(請輸入本公司或子公司):本公司
4.相互持股比例:不適用
5.傳播媒體名稱:不適用
6.報導內容:不適用
7.發生緣由:更正8/18代子公司艾美特電器(深圳)有限公司依
「公開發行公司資金貸與及背書保證處理準則」公告，事實
發生日誤植為105年08月19日
8.因應措施:於股市觀測站發布重大資訊更正事實發生
為105年08月18日。
9.其他應敘明事項:無"
"105/08/19","16:56:28","劉若梅","財務長","補行公告華固樂慕案基礎至結構體建築工程承攬合約。","1.契約種類:自地委建契約。
2.事實發生日:105/8/3~105/8/3
3.契約相對人及其與公司之關係:
品興營造股份有限公司，子公司。
4.契約主要內容（含契約總金額、預計參與投入之金額及契約起迄日期）
、限制條款及其他重要約定事項:
本次簽訂契約為：
華固樂慕案基礎至結構體工程以新台幣NTD 680,000,000元整，
簽訂建築工程承攬合約。

契約起迄日期為：自民國105年08月19日起至108年02月10日止。

限制條款及其他重要約定事項：無。
5.專業估價者事務所或公司名稱及其估價結果:
不適用。
6.不動產估價師姓名:
不適用。
7.不動產估價師開業證書字號:
不適用。
8.取得之具體目的:
興建住宅大樓出售。
9.本次交易表示異議之董事意見:
無。
10.本次交易為關係人交易:是
11.董事會通過日期:
民國105年08月03日
12.監察人承認或審計委員會同意日期:
民國105年08月03日
13.估價報告是否為限定價格、特定價格或特殊價格:否
14.是否尚未取得估價報告:是
15.尚未取得估價報告之原因:
不適用。
16.與交易金額比較有重大差異原因及會計師意見:
否。
17.其他敘明事項:
無。"
"105/08/19","16:50:37","陳乙平","總經理","公告本公司受邀參加凱基證券股份有限公司舉辦之法人說明會","符合條款第四條第XX款：12
事實發生日：105/08/24
1.召開法人說明會之日期：105/08/24
2.召開法人說明會之時間：14 時 00 分 
3.召開法人說明會之地點：KGI凱基證券總部大樓(台北市明水路700號12樓)
4.法人說明會擇要訊息：公司簡介與營運狀況說明
5.其他應敘明事項：受邀參加凱基證券股份有限公司舉辦之法人說明會。
完整財務業務資訊請至公開資訊觀測站之法人說明會一覽表或法說會項目下查閱。"
"105/08/19","16:46:55","廖敏峰","副總經理","本公司有價證券近期多次達公佈注意交易資訊標準，
故公告相關訊息，以利投資人區別暸解。","1.事實發生日:105/08/19
2.發生緣由:依財團法人中華民國證券櫃檯買賣中心通知，本公司有價證券近期
多次達公佈注意交易資訊標準，故公告相關訊息，以利投資人區別瞭解。
3.財務業務資訊:
 (1)單月
                      最近一月單月       去年同月       與去年同期增減%
                         (105/07)        (104/07)
-----------------------------------------------------------------------
營業收入(百萬元)           79.63           33.10              141%
稅前淨利(百萬元)           -6.48          -12.08               46%
稅後純益淨利(百萬元)       -6.48          -12.08               46%
每股盈餘(元)               -0.12           -0.24               50%

 (2)最近二個月累計
                   最近二個月累計       去年同期累計    與去年同期增減%
                  (105/06-105/07)     (104/06-104/07)
-----------------------------------------------------------------------
營業收入(百萬元)          121.74           92.67               31%
稅前淨利(百萬元)           -2.95          -33.25               91%
稅後純益淨利(百萬元)       -2.41          -33.45               93%
每股盈餘(元)               -0.04           -0.66               94%

 (3)單季
                    最近一季單季        去年同期        與去年同期增減%
                     (105第2季)        (104第2季)
------------------------------------------------------------------------
營業收入(百萬元)          115.34          116.03               -1%
稅前淨利(百萬元)          -27.64          -41.25               33%
稅後純益淨利(百萬元)      -27.10          -41.45               35%
每股盈餘(元)               -0.48           -0.82               41%

 (4)最近四季累計
                            (104年第3季至105年第2季)
------------------------------------------------------------------------
營業收入(百萬元)                          484.54
稅前淨利(百萬元)                          -72.60
稅後純益淨利(百萬元)                      -73.44
每股盈餘(元)                               -1.30
註：以上105年6、7月及去年同期比較數之財務資料係本公司採IFRS會計準則
編製之合併數，未經會計師查核(閱)，僅供投資人參考。
註：最近一季105年第2季係指單季數字，非為最近財務報告中之累計數字，
且係本公司採IFRS下編製之合併數，業經會計師查核(閱)，僅供投資人參考。
註：最近四季累計係本公司104年第3季至105年第2季採IFRS編製之合併數，
業經會計師查核(閱)，僅供投資人參考。
4.有無「財團法人中華民國證券櫃檯買賣中心對有價證券上櫃公司
重大訊息之查證暨公開處理程序 」第4條所列重大訊息之情事（如
「有」，請說明）:無。
5.有無「財團法人中華民國證券櫃檯買賣中心對有價證券上櫃公司
重大訊息之查證暨公開處理程序」第11條所列重大訊息說明記者會
之情事:無。
6.其他應敘明事項:無。"
"105/08/19","16:46:28","徐佩文","財務長","公告本公司105年現金增資認股基準日","1.董事會決議或公司決定日期:105/08/19
2.發行股數:10,000,000股
3.每股面額:新台幣10元
4.發行總金額:新台幣100,000,000元
5.發行價格:未定，實際發行價格依「中華民國證券商業同業公會承銷商會員輔導發行
  公司募集與發行有價證券自律規則」第六條第一項規定訂定。
6.員工認購股數:依公司法第267條規定，保留增資發行新股之15%，計1,500,000股
  由本公司員工認購。
7.原股東認購比例(請註明暫定每仟股認購或配發股數):增資發行新股之75%，
  計7,500,000股由原股東按認股基準日股東名簿記載之股東持股比率認購
  (扣除庫藏股430,000股)，每仟股暫訂認購149.6366881股。
8.公開銷售方式及股數:依證券交易法第28條之1規定，提撥本次增資發行新股之10%，
  計1,000,000股對外公開承銷。
9.畸零股及逾期未認購股份之處理方式:認股未滿一股之畸零股，得由股東自行在認購
  基準日起五日內逕向本公司股務代理機構辦理併湊一整股認購。原股東及員工放棄
  認購或併湊不足一股之畸零股，擬請董事會授權董事長洽特定人按發行價格承購。
10.本次發行新股之權利義務:與原發行之普通股股份相同。
11.本次增資資金用途:充實營運資金及償還銀行借款。
12.現金增資認股基準日:105/09/12
13.最後過戶日:105/09/07
14.停止過戶起始日期:105/09/08
15.停止過戶截止日期:105/09/12
16.股款繳納期間:
  原股東及員工繳款期間:105/09/19~105/09/27
  特定人認股繳款期間:105/09/28~105/09/29
17.與代收及專戶存儲價款行庫訂約日期:待與銀行簽訂合約後公告。
18.委託代收款項機構:待與銀行簽訂合約後公告。
19.委託存儲款項機構:待與銀行簽訂合約後公告。
20.其他應敘明事項:
  本次現金增資發行新股案，業經行政院金融監督管理委員會105年8月17日金管證
  發字第1050030599號函申報生效。"
"105/08/19","16:45:46","文德誠","執行長室特別助理","公告本公司買回庫藏股達三億","1.本次買回股份數量累積達公司已發行股份總額百分之二或金額達新台幣三億元以上之日期:105/08/19
2.本次買回股份數量(股):31,001,000
3.本次買回股份總金額(元):313,896,486
4.本次平均每股買回價格(元):10.13
5.於買回期間內累積已持有自己公司股份數量(股):131,126,000
6.於買回期間內累積已持有自己公司股份數量占公司已發行股份總數之比率(%):3.67
7.其他應敘明事項:
無"
"105/08/19","16:45:19","徐佩文","財務長","公告本公司105年配息基準日","1.董事會、股東會決議或公司決定日期:105/08/19
2.除權、息類別（請填入「除權」、「除息」或「除權息」）:除息
3.發放股利種類及金額:
　現金股利：新台幣65,716,817(即每股配發1.31115291元)。
4.除權（息）交易日:105/09/06
5.最後過戶日:105/09/07
6.停止過戶起始日期:105/09/08
7.停止過戶截止日期:105/09/12
8.除權（息）基準日:105/09/12
9.其他應敘明事項:
(1)持有本公司股票尚未辦理過戶者，務請於105年9月7日(星期三)下午四時前逕洽
　 或掛號郵寄(郵寄過戶者以105年9月7日郵戳為憑)至本公司股務代理機構辦理過
　 戶手續，俾可享有配息權利。
(2)現金股利預計105年9月23委由本公司股務代理機構永豐金證券股份有限公司
　 股務代理部以匯款或掛號郵寄支票方式發放，匯費及掛號郵資由股東自行負擔。
(3)現金股利總額在新台幣五十元以下者，僅郵寄通知書，請股東逕洽或郵寄本
　 公司股務代理人領取。"
"105/08/19","16:44:12","文德誠","執行長室特別助理","本公司辦理註銷買回股份減資變更登記完成","1.主管機關核准減資日期:105/05/27
2.辦理資本變更登記完成日期:105/08/17
3.對財務報告之影響（含實收資本額與流通在外股數之差異與對每股淨值之影響）:

         實收資本額(元)　普通股發行股數(股)  流通在外股數(股)  每股淨值(元)
 減資前　35,760,002,580  3,576,000,258　　　 3,446,000,258     18.025
 減資後　35,160,002,580　3,516,000,258　　　 3,446,000,258     18.025
 註：本次註銷庫藏股60,000,000股

4.預計換股作業計畫:不適用
5.預計減資新股上市後之上市普通股股數:不適用
6.預計減資新股上市後之上市普通股股數占已發行普通股比率
 （減資後上市普通股股數/減資後已發行普通股股數）:不適用
7.前二項預計減資後上巿普通股股數未達6000萬股且未達25%者，請說明股權流通性偏低
  之因應措施:不適用
8.其他應敘明事項:本公司於105年8月19日接獲經濟部變更登記核准文。"
"105/08/19","16:38:58","程敬義","總經理","公告本公司105年第二季合併營業收入自結數與會
計師核閱數差異說明並更正調整公告","1.事實發生日:105/08/19
2.公司名稱:有量科技股份有限公司
3.與公司關係(請輸入本公司或聯屬公司):本公司
4.相互持股比例(若前項為本公司，請填不適用):不適用
5.發生緣由:本公司105年第二季合併自結營業收入申報
數為新台幣115,449仟元，與會計師核閱數新台幣
103,467仟元，差異金額為新台幣11,982仟元，主要差
異原因說明如下:
此差異數為收入認列差異造成。 本公司北京整廠輸出
案完工工期延長，導致實際投入成本將高於預估成本，
依完工百分比法重新設算按成本投入比例估計收入，
認為有必要將收入之認列迴轉11,982仟元，以符實際。
6.因應措施:於公開資訊觀測站發布重大訊息並更正6月
單月營收及6月、7月累計營收公告。
7.其他應敘明事項:無"
"105/08/19","16:35:35","張水江","總經理特別助理","公告本公司變更會計師事務所及簽證會計師","1.董事會通過日期(事實發生日):105/08/19
2.舊會計師事務所名稱:勤業眾信聯合會計師事務所
3.舊任簽證會計師姓名1:楊清鎮
4.舊任簽證會計師姓名2:楊靜婷
5.新會計師事務所名稱:誠信聯合會計師事務所
6.新任簽證會計師姓名1:張瀚星
7.新任簽證會計師姓名2:王忠偉
8.變更會計師之原因:
本公司經營管理所需
9.說明係由公司主動終止委任或不再繼續委任或前任會計師主動終止委任
或不再繼續接受委任:
本公司主動終止委任
10.公司通知或接獲通知終止之日期:105/08/16
11.最近二年度已申報或即將編製之財務報告是否曾經會計師調整或提出內
部控制重大改進事項之建議:
無
12.公司對上開調整或建議事項有無不同意見(若有不同意見，請詳細說明每
一事項之性質、公司原處理方法與最後處理結果暨繼任會計師對各該事
項之書面意見):
不適用
13.公司正式委任繼任會計師前，是否曾就上開前任會計師所做調整及建議
事項之處理及其對財務報表可能簽發之意見，諮詢該會計師(若有，請輸
入詢問事項及結果):
不適用
14.說明是否授權前任會計師對繼任會計師所提合理之詢問(包括上開所述不
同意見之情事)充分回答:
是
15.其他應敘明事項:
無"
"105/08/19","16:34:43","蔡玲君","營運長","公告本公司第六次買回庫藏股期間屆滿事宜","1.原預定買回股份總金額上限(元):1,183,106,080
2.原預定買回之期間:105/06/20~105/08/19
3.原預定買回之數量(股):3,000,000
4.原預定買回區間價格(元):13.00~27.00
5.本次實際買回期間:105/06/21~105/08/19
6.本次已買回股份數量(股):2,598,000
7.本次已買回股份總金額(元):50,661,499
8.本次平均每股買回價格(元):19.50
9.累積已持有自己公司股份數量(股):4,594,000
10.累積已持有自己公司股份數量占公司已發行股份總數之比率(%):5.84
11.本次未執行完畢之原因:
為維護整體股東權益及考量資金運用效益，致未能執行完畢。
12.其他應敘明事項:
無"
"105/08/19","16:32:17","張希氾","副總經理","公告本公司2016年07月份自結合併營收","1.事實發生日:105/08/19
2.公司名稱:立達國際電子股份有限公司
3.與公司關係(請輸入本公司或聯屬公司):本公司
4.相互持股比例(若前項為本公司，請填不適用):不適用
5.發生緣由:公告本公司2016年07月份自結合併營收
6.因應措施:無
7.其他應敘明事項:
(1)本公司2016年07月份合併營收為新台幣2.23億元。
(2)本月自有品牌、手機週邊、控制晶片及特殊型記憶體等產品累
計合併營收共計新台幣1.72億元佔整體合併營收77%。"
"105/08/19","16:31:18","林秀鴻","資深協理","本公司庫藏股註銷辦理減資變更登記完成","1.主管機關核准減資日期:105/08/17
2.辦理資本變更登記完成日期:105/08/19
3.對財務報告之影響（含實收資本額與流通在外股數之差異與對每股淨值之影響）:
(1)本公司原實收資本額為新台幣4,148,807,750元，本次註銷庫藏股9,880,000股，
減資新台幣98,800,000元，減資後實收資本額為新台幣4,050,007,750元。
(2)每股淨值：減資前11.32元，減資後11.60元。
(註：以上淨值係以105年第一季經會計師核閱財務報告計算)
4.預計換股作業計畫:不適用。
5.預計減資新股上櫃後之上櫃普通股股數:不適用。
6.預計減資新股上櫃後之上櫃普通股股數占已發行普通股比率
（減資後上櫃普通股股數/減資後已發行普通股股數）:不適用。
7.前二項預計減資後上櫃普通股股數未達500萬股且未達25%者，
請說明股權流通性偏低之因應措施:不適用。
8.其他應敘明事項:
(1)減資基準日為105/08/09。
(2)本公司註銷庫藏股減資變更登記乙案業經經濟部105年8月17日，經授商字第　
10501201510號函核准，本公司於105/08/19收到核准函。"
"105/08/19","16:29:24","羅永勵","財務部協理","代子公司(中國正新)補充公告自地委建研發中心二期土建合同
契約相對人","1.契約種類:自地委建
2.事實發生日:105/8/19~105/8/19
3.契約相對人及其與公司之關係:
契約相對人：江蘇省建工集團有限公司
與公司之關係：非關係人
4.契約主要內容（含契約總金額、預計參與投入之金額及契約起迄日期）
、限制條款及其他重要約定事項:
契約總金額：人民幣39,800,000元折合約新台幣
188,170,420(NTD:RMB=4.7279)
5.專業估價者事務所或公司名稱及其估價結果:
不適用
6.不動產估價師姓名:
不適用
7.不動產估價師開業證書字號:
不適用
8.取得之具體目的:
提升輪胎研發及測試能力
9.本次交易表示異議之董事意見:
無
10.本次交易為關係人交易:否
11.董事會通過日期:
2016.03.11
12.監察人承認或審計委員會同意日期:
不適用
13.估價報告是否為限定價格、特定價格或特殊價格:否
14.是否尚未取得估價報告:否
15.尚未取得估價報告之原因:

16.與交易金額比較有重大差異原因及會計師意見:
不適用
17.其他敘明事項:
第一次公告於2016.03.11董事會決議通過公告。"
"105/08/19","16:23:42","禹介民","董事長","本公司105年現金增資股款催繳公告。","1.事實發生日:105/08/19
2.公司名稱:和昇休閒開發股份有限公司
3.與公司關係(請輸入本公司或聯屬公司):本公司
4.相互持股比例(若前項為本公司，請填不適用):不適用
5.發生緣由:本公司105年現金增資認股繳款期限業已於民國105年8月19日屆滿，
          惟尚有部份原股東未繳納股款，特此催告。
6.因應措施:(1)茲依公司法第266條第三項準用同法第142條之規定，
             股款催繳期間自民國105年8月20日起至105年9月21日止。
          (2)尚未繳款之股東，請於上述期間內持原繳款書至土地銀行忠孝分行
             及全省各分行(除復興分行外)辦理繳款事宜，逾期未繳款者即喪失
             其認股之權利。
          (3)催繳期間繳款之股東，本公司將於催繳期間屆滿後，儘速將所認購
             之股數撥入其提供之集保帳號。
          (4)增資發行新股股票，俟呈奉主管機關核准變更登記後三十日內以無實體
             發放，屆時除另行公告外，將分函通知各股東。
7.其他應敘明事項:以上所述，若 貴股東有任何疑問，敬請洽詢群益金鼎證券股務代理部
                (地址：台北市大安區敦化南路二段97號地下二樓，
                 電話：02-27023999)"
"105/08/19","16:23:29","章修綱","董事長兼任總經理","公告本公司自行撤回股票上櫃申請案","1.事實發生日:105/08/19
2.公司名稱:瑞寶基因股份有限公司
3.與公司關係(請輸入本公司或聯屬公司):本公司
4.相互持股比例(若前項為本公司，請填不適用):不適用
5.發生緣由:本公司基於整體業務及經營策略調整之考量，擬自行撤回股票上櫃申請案。
6.因應措施:本公司日後將俟適當時機再為股票上櫃申請。
7.其他應敘明事項:本公司各項營運活動均照常進行，此案對本公司財務業務尚無重大影
 響。"
"105/08/19","16:20:03","蔡文珍","協理","105年第2季營收申報數與會計師核閱數差異說明
並更正105年4-6月營收金額及營收累計數","1.事實發生日:105/08/19
2.公司名稱:雷虎科技股份有限公司
3.與公司關係(請輸入本公司或子公司):本公司
4.相互持股比例:不適用
5.傳播媒體名稱:不適用
6.報導內容:不適用
7.發生緣由:105年第2季營收申報數與會計師核閱數差異係因集團
銷售策略調整,將德國子公司轉型為發貨倉庫而生逆流交易,故會
計師予以合併沖銷所致。
茲將第2季營收更正如下:
                      原申報營收金額      更正後營收金額   單位:仟元
                     ----------------    ----------------
                     單月     累計數       單月    累計數
                    -------  --------    -------   -------
             4月    59,834   272,863      29,431   242,460
             5月    58,242   352,174      57,002   320,530
             6月    62,546   415,161      62,152   384,426
8.因應措施:無
9.其他應敘明事項:無"
"105/08/19","16:17:52","李明倫","副總經理","代子公司廣州市久和醫療器械有限公司公告總經理異動","1.董事會決議日期或發生變動日期:105/08/19
2.人員別（請輸入董事長或總經理）:總經理
3.舊任者姓名及簡歷:黃士芬/廣州市久和醫療器械有限公司總經理
4.新任者姓名及簡歷:陳光宇/大中華區總經理
5.異動情形（請輸入「辭職」、「解任」、「任期屆滿」、「職務調整」、「資遣」、
「退休」、「逝世」或「新任」）:辭職
6.異動原因:個人因素辭職
7.新任生效日期:105/08/22
8.其他應敘明事項:舊任總經理辭職日為105/08/22，其職務由大中華區總經理陳光宇先生
暫代，待新任經理人就任後將另行公告。"
"105/08/19","16:17:30","伍蔣清明","總經理","公告本公司辦理第五次庫藏股註銷完成實收資本額變更登記事宜","1.主管機關核准減資日期:NA
2.辦理資本變更登記完成日期:105/08/19
3.對財務報告之影響（含實收資本額與流通在外股數之差異與對每股淨值之影響）:
(1)庫藏股股份註銷減資前:本公司實收資本額為新台幣1,854,142,000元，
流通在外股數為185,414,200股，每股淨值為新台幣14.95元。
(2)庫藏股股份註銷減資後:本公司實收資本額為新台幣1,844,242,000元，
流通在外股數為184,424,200股，每股淨值為新台幣15.03元。
4.預計換股作業計畫:不適用
5.預計減資新股上市後之上市普通股股數:184,424,200股
6.預計減資新股上市後之上市普通股股數占已發行普通股比率
 （減資後上市普通股股數/減資後已發行普通股股數）:100%
7.前二項預計減資後上巿普通股股數未達6000萬股且未達25%者，請說明股權流通性偏低
  之因應措施:不適用
8.其他應敘明事項:本公司於105/08/19接獲經濟部之變更登記核准函，特此公告。"
"105/08/19","16:14:41","繆尚志","副總經理暨財務長","本公司員工認股權憑證認股價格調整公告","1.事實發生日:105/08/19
2.公司名稱:柏文健康事業股份有限公司
3.與公司關係(請輸入本公司或子公司):本公司
4.相互持股比例:不適用
5.發生緣由:依據本公司員工認股權憑證發行及認股辦法之規定辦理。
6.因應措施:因應本公司配股配息作業，依據本公司員工認股權憑證發行及認股辦法之規
定，自105年8月22日除權息基準日起，本公司員工認股權憑證認股價格由新台幣9.31元
調整為新台幣7.85元。
7.其他應敘明事項:無。"
"105/08/19","16:12:49","陳修偉","資深副總經理","元大金控代子公司KKTrade Securities公告董事異動","1.發生變動日期:105/08/19
2.選任或變動人員別（請輸入法人董事、法人監察人、獨立董事、自然人董事
  或自然人監察人）:自然人董事
3.舊任者職稱、姓名及簡歷:不適用
4.新任者職稱、姓名及簡歷:陳麒漳先生/元大證券總經理
5.異動情形（請輸入「辭職」、「解任」、「任期屆滿」、「逝世」或「新任」）:新任
6.異動原因:新任
7.新任者選任時持股數:不適用
8.原任期（例xx/xx/xx ~ xx/xx/xx）:NA
9.新任生效日期:不適用
10.同任期董事變動比率:1/6
11.同任期獨立董事變動比率:不適用
12.同任期監察人變動比率:不適用
13.屬三分之一以上董事發生變動（請輸入是或否）:否
14.其他應敘明事項:董事新任案將俟當地主管機關核准後生效,並進行後續相關程序。"
"105/08/19","16:11:52","禹介民","董事長","公告本公司105年現金增資全體董監事放棄認購股數達得
認購股數二分之一以上，並洽特定人認購事宜。","1.事實發生日:105/08/19
2.董監事放棄認購原因:整體投資策略考量及理財規劃考量
3.董監事姓名、放棄認購股數及其占得認購股數之比率:
 職稱     姓名                        放棄認購股數   佔得認購股數之比率
 董事長   禹介民                         449,613           100%
 副董事長 元昇創業投資股份有限公司       245,692           100%
 董事     侯琮壹                           5,361           100%
 董事     亞洲星投資股份有限公司          29,928           100%
 董事     承峰投資有限公司                49,881           100%
 監察人   長春國際企管顧問(股)公司        74,747           100%
 監察人   威宇國際投資股份有限公司         4,736           100%
4.特定人姓名及其認購股數:以上董監事放棄認購之股數，授權董事長洽特定人認購。
5.其他應敘明事項:無。"
"105/08/19","16:10:27","何曉光","總經理","公告本公司減資辦理資本額變更登記完成","1.事實發生日:105/08/19
2.發生緣由:本公司減資案依經濟部民國105年08月12日經授商字第10501196920號函
核准資本額變更登記完成。
3.因應措施:無
4.其他應敘明事項:無"
"105/08/19","16:06:49","羅安華","管理部協理","公告本公司私募普通股補辦公開發行相關事宜","1.事實發生日:105/08/19
2.公司名稱:吉茂精密股份有限公司
3.與公司關係(請輸入本公司或聯屬公司):本公司
4.相互持股比例(若前項為本公司，請填不適用):不適用
5.發生緣由:本公司民國100年私募普通股11,605,868股，及其嗣後所配發之普通股
348,176股，共11,954,044股，補辦公開發行乙案，業經金融監督管理委員會於
民國105年8月17日金管證發字第1050031421號函核准生效。
6.因應措施:不適用
7.其他應敘明事項:無"
"105/08/19","16:03:36","羅文亮","財務經理","公告本公司代理發言人異動","1.人員變動別（請輸入發言人、代理發言人、重要營運主管之名稱、財務主管、會計主
管、研發主管、內部稽核主管或訴訟及非訟代理人）:代理發言人
2.發生變動日期:105/08/19
3.舊任者姓名、級職及簡歷:王雅伶  管理部經理
4.新任者姓名、級職及簡歷:童珮甄  稽核人員
5.異動情形（請輸入「辭職」、「職務調整」、「資遣」、「退休」、「死亡」、「新
任」或「解任」）:退休
6.異動原因:屆齡退休
7.生效日期:105/08/19
8.新任者聯絡電話:04-23262593
9.其他應敘明事項:無"
"105/08/19","16:03:26","陳修偉","資深副總經理","元大金控代子公司KKTrade Securities公告股東臨時會
重要決議事項","1.股東臨時會日期:105/08/19
2.重要決議事項:
(1)增資泰銖10億元
(2)公司名稱由「KKTrade Securities Company Limited」更名為「Yuanta Securities
(Thailand) Company Limited」
(3)修改公司章程
(4)選任陳麒漳先生擔任董事
3.其他應敘明事項:董事新任案將俟當地主管機關核准後，進行後續相關程序。"
"105/08/19","16:02:24","李大彰","副總經理","有關本公司經財團法人中華民國證券櫃檯買賣中心公告自105
年9月26日起終止在證券商營業處所買賣事宜","1.事實發生日:105/08/19
2.公司名稱:漢承泰企業股份有限公司
3.與公司關係(請輸入本公司或子公司):本公司
4.相互持股比例:不適用
5.發生緣由:
一．本公司於今日(105年8月19日)收到證券櫃檯買賣中心證櫃監字第10502009462號
函及第10502009463號函，茲因本公司自105年2月至7月連續六個月公告之營業收入為
零。上列事項櫃買中心以其業務規則第12條之2第1項第7款之情事及依同條第1項及第
4項規定公告本公司自105年9月26日起終止在證券商營業處所買賣。
二．本公司因財務主管銜接問題導致部份財務資料遺失且財務申報系統異常，
因此於八月份公告七月營業收入時系統誤植為０，實際之營業收入為新台幣二
十萬元整。
三．本公司巳申請更正相關財務公告並至櫃買中心進行說明及申覆。
6.因應措施:於重大訊息公告
7.其他應敘明事項:不適用"
"105/08/19","15:57:18","林傳捷","董事長","公告本公司民國105年7月自結合併損益","1.事實發生日:105/08/19
2.公司名稱:新美齊股份有限公司
3.與公司關係(請輸入本公司或子公司):本公司
4.相互持股比例:不適用
5.發生緣由:
本公司民國105年7月單月自結稅前損益為新臺幣23,490(仟元),民國105年7月累計
自結稅前損益為新臺幣-20,534(仟元),相關資訊可至公開資訊觀測站之營運概況-
自結損益專區查詢。
6.因應措施:無。
7.其他應敘明事項:無。"
"105/08/19","15:57:14","卓政懋","董事長特助","更正本公司105/04-105/07月衍生性商品交易資訊","1.事實發生日:105/08/19
2.公司名稱:金雨企業股份有限公司
3.與公司關係(請輸入本公司或子公司):本公司
4.相互持股比例:不適用
5.發生緣由:更正105/04-105/07月衍生性商品交易資訊類別，更正前『非持有供交易-符
避險會計』，更正後『非持有供交易-不符避險會計』，申報金額不變。
6.更正資訊項目/報表名稱:衍生性商品交易資訊
7.更正前金額/內容/頁次:非持有供交易 符合避險會計
8.更正後金額/內容/頁次:非持有供交易-不符避險會計
9.因應措施:更正申報公開資訊觀測站之衍生性商品交易資訊。
10.其他應敘明事項:無"
"105/08/19","15:55:58","劉明怡","財務處協理","代子公司柏霆(蘇州)光電科技有限公司公告累積取得有價證券
達公告標準","1.標的物之名稱及性質（屬特別股者，並應標明特別股約定發行條件，如股息率等）:
利多多公司理財商品(保證收益-現金管理1號)
2.事實發生日:105/8/19~105/8/19
3.交易數量、每單位價格及交易總金額:
累積交易總金額：人民幣36,500仟元(約新台幣172,718仟元)
4.交易相對人及其與公司之關係（交易相對人如屬自然人，且非公司之
關係人者，得免揭露其姓名）:
交易相對人：上海浦發銀行
與公司關係：無
5.交易相對人為關係人者，並應公告選定關係人為交易對象之原因及前次移
轉之所有人、前次移轉之所有人與公司及交易相對人間相互之關係、前次
移轉日期及移轉金額:
不適用
6.交易標的最近五年內所有權人曾為公司之關係人者，尚應公告關係人之取
得及處分日期、價格及交易當時與公司之關係:
不適用
7.本次係處分債權之相關事項（含處分之債權附隨擔保品種類、處分債權
如有屬對關係人債權者尚需公告關係人名稱及本次處分該關係人之債權
帳面金額:
不適用
8.處分利益（或損失）（取得有價證券者不適用）（原遞延者應列表說明
認列情形）:
不適用
9.交付或付款條件（含付款期間及金額）、契約限制條款及其他重要約定
事項:
一次付清
10.本次交易之決定方式、價格決定之參考依據及決策單位:
董事會
11.迄目前為止，累積持有本交易證券（含本次交易）之數量、金額、持股
比例及權利受限情形（如質押情形）:
人民幣36,500仟元(約新台幣172,718仟元)
12.迄目前為止，依「公開發行公司取得或處分資產處理準則」第三條所列
之有價證券投資（含本次交易）占公司最近期財務報表中總資產及歸屬
於母公司業主之權益之比例暨最近期財務報表中營運資金數額（註二）:
占總資產之比例：5.29%
占業主權益之比例：6.47%
營運資金數額：新台幣344,204仟元
13.經紀人及經紀費用:
不適用
14.取得或處分之具體目的或用途:
投資理財/保收益型理財存款
15.本次交易表示異議董事之意見:
無
16.本次交易為關係人交易:否
17.董事會通過日期:
不適用
18.監察人承認日期:
不適用
19.本次交易會計師出具非合理性意見:否
20.其他敘明事項:
無"
"105/08/19","15:51:56","何繼武","總經理","代子公司Silver Star Developments Ltd.公告董事會決議
新增資金貸與金額美金2仟1佰萬元","1.事實發生日:105/08/19
2.接受資金貸與之:
(1)公司名稱:神達投資控股(股)公司(以下簡稱MHC)
(2)與資金貸與他人公司之關係:
MHC為提供資金貸與公司-Silver Star Developments Ltd.之最終母公司
(3)資金貸與之限額(仟元):6671006
(4)原資金貸與之餘額(仟元):0
(5)本次新增資金貸與之金額(仟元):656775
(6)是否為董事會授權董事長對同一貸與對象分次撥貸或循環動用之資金貸與:否
(7)迄事實發生日止資金貸與餘額(仟元):656775
(8)本次新增資金貸與之原因:
支應集團營運需求
3.接受資金貸與公司所提供擔保品之:
(1)內容:
無
(2)價值(仟元):0
4.接受資金貸與公司最近期財務報表之:
(1)資本(仟元):7806399
(2)累積盈虧金額(仟元):885957
5.計息方式:
無
6.還款之:
(1)條件:
視資金狀況而定
(2)日期:
視資金狀況於貸與期限內還款
7.迄事實發生日為止，資金貸與餘額(仟元):
9972672
8.迄事實發生日為止，資金貸與餘額占公開發行公司最近期財務報表淨值之比率:
30.43
9.公司貸與他人資金之來源:
子公司本身
10.其他應敘明事項:
無"
"105/08/19","15:50:24","黃梅雪","副總經理","公告本公司初次上市現金增資委託代收及存儲股款機構","1.事實發生日:105/08/19
2.公司名稱:易華電子股份有限公司
3.與公司關係(請輸入本公司或聯屬公司):本公司
4.相互持股比例(若前項為本公司，請填不適用):不適用
5.發生緣由:依據「發行人募集與發行有價證券處理準則」辦理公告
6.因應措施:無
7.其他應敘明事項:
(1)訂約日期:105/08/19
(2)委託代收價款機構:
員工認股代收股款機構：台新國際商業銀行苓雅分行
詢價圈購及公開申購代收股款機構：台新國際商業銀行建北分行
(3)委託存儲專戶機構：台新國際商業銀行高雄分行"
"105/08/19","15:49:34","黃梅雪","副總經理","公告本公司股務代理機構名稱、辦公處所及聯絡電話","1.事實發生日:105/08/19
2.公司名稱:易華電子股份有限公司
3.與公司關係(請輸入本公司或聯屬公司):本公司
4.相互持股比例(若前項為本公司，請填不適用):不適用
5.發生緣由:公告本公司股務代理機構名稱、辦公處所及聯絡電話
6.因應措施:不適用
7.其他應敘明事項:
(1)股務代理機構:永豐金證券股份有限公司 股務代理部
(2)股務代理機構辦公處所:台北市博愛路17號3樓
(3)股務代理機構聯絡電話:(02)2381-6288"
"105/08/19","15:49:00","黃梅雪","副總經理","公告本公司股票初次上市前現金增資發行新股相關事宜","1.事實發生日:105/08/19
2.公司名稱:易華電子股份有限公司
3.與公司關係(請輸入本公司或聯屬公司):本公司
4.相互持股比例(若前項為本公司，請填不適用):不適用
5.發生緣由:公告本公司股票初次上市前現金增資基準日及現金增資相關事宜
6.因應措施:不適用
7.其他應敘明事項:
一、本公司為配合初次上市前公開承銷辦理現金增資發行普通股股票10,000,000股，
每股面額新台幣10元，共計新台幣100,000,000元。業經臺灣證券交易所股份有限公
司105年7月22日臺證上一字第1051803392號函申報生效在案。
二、本次現金增資發行新股除依法令規定保留發行新股總額15%計1,500,000股供員工
認購外，其餘計8,500,000股全數供辦理上市承銷之用。保留予員工認購之普通股份，
如有員工放棄或認購不足部份，授權董事長洽特定人認購之。
三、發行價格：本次現金增資採溢價發行方式辦理，惟實際發行價格俟辦理公開承銷
當時股票市場狀況及依詢價圈購之結果，由本公司與承銷商共同議定承銷價格。
四、本次現金增資發行新股之相關日期及期間：
(一)詢價圈購期間：105年08月31日至105年09月05日
(二)公開申購期間：105年09月01日至105年09月05日
(三)公開申購扣款日期：105年09月06日
(四)員工認股繳款日期：105年09月07日至105年09月08日
(五)詢價圈購繳款日期：105年09月08日
(六)特定人認股繳款日期：105年09月09日
(七)現金增資基準日：105年09月10日
五、本次增資發行之新股，其權利義務與已發行之原有普通股份相同。"
"105/08/19","15:48:49","蔡杰原","總經理","本公司上半年度營業收入公告自結數與會計師核閱105年第2
季財務報告數差異說明並修正營收公告","1.事實發生日:105/08/19
2.公司名稱:久裕興業科技股份有限公司
3.與公司關係(請輸入本公司或聯屬公司):本公司
4.相互持股比例(若前項為本公司，請填不適用):不適用
5.發生緣由:
本公司上半年度營業收入公告自結數與會計師查核數差異主要原因是本公司營收產生係
以國外子公司為主，因外幣換算差異所致。
6.因應措施:
依會計師查核數修正本公司105年6、7月營業收入及累計營收自結數公告並重新上傳至
公開資訊觀測站。
更正前金額及內容:
105年6月營業收入淨額132,871仟元、累計營業收入淨額843,500仟元、105年7月累計營
業收入淨額973,778仟元。
更正後金額及內容:
105年6月營業收入淨額143,747仟元、累計營業收入淨額854,376仟元、105年7月累計營
業收入淨額983,555仟元。
7.其他應敘明事項:無。"
"105/08/19","15:47:53","游俊賢","總經理","本公司受櫃買中心邀請參加業績說明會","符合條款第XX款：30
事實發生日：105/08/24
1.召開法人說明會之日期：105/08/24
2.召開法人說明會之時間：16 時 10 分 
3.召開法人說明會之地點：櫃買中心11樓多功能資訊媒體區（地址：台北市羅斯福路二段100號11樓）
4.法人說明會擇要訊息：本公司受櫃買中心邀請參加業績說明會(法人說明會)，就公司簡介、營運概況等事項進行說明。
5.法人說明會簡報內容：內容檔案於當日會後公告於公開資訊觀測站
6.公司網站是否有提供法人說明會內容：無
7.其他應敘明事項：無"
"105/08/19","15:45:24","吳田玉","營運長","公告本公司日月光半導體製造股份有限公司一百年度
有擔保普通公司債甲券~戊券到期","1.事實發生日:105/08/19
2.公司名稱:日月光半導體製造股份有限公司
3.與公司關係(請輸入本公司或子公司):本公司
4.相互持股比例:不適用
5.發生緣由:日月光半導體製造股份有限公司一百年度有擔保
普通公司債甲券~戊券(簡稱:00日月光1A~00日月光1E；代碼:B67512~B67516)
於本日(105年8月19日)到期。
6.因應措施:無。
7.其他應敘明事項:於到期日之次一營業日(105年8月22日)終止上櫃買賣。"
"105/08/19","15:44:32","馮小龍","經理","說明新聞媒體之報導","1.傳播媒體名稱:聯合新聞網(網路新聞)
2.報導日期:105/08/18
3.報導內容:
國家通訊傳播委員會（NCC）昨天表示，因中廣「終止遏制匪波任務」在民國93年已終
止，行政院最近已核定，將中廣全國性調頻廣播的「音樂網（FM 96.3MHz）」與「寶島
網（FM 105.9MHz）」頻段，分別核配給原民廣播電台與客家廣播電台，後續頻率指配
將由NCC負責辦理。
4.投資人提供訊息概要:無
5.公司對該等報導或提供訊息之說明:
針對NCC表示因中廣「終止遏制匪波任務」，行政院核定將中廣全國性調頻廣播的音樂
網與寶島網頻段，分別核配給原民廣播電台與客家廣播電台。本公司說明如下:
一、本公司於民國99年向NCC申請換照時，NCC加註『中廣配合執行遏制匪播政策之音樂
    網及寶島網如經主管機關指配予他人時，需無條件繳回』之附款，經本公司向行政
    院訴願委員會提出訴願後，訴願委員會已撤銷該附款。行政院訴願決定中更指出
    NCC任意添加附款，已致中廣公司營運規劃產生不確定之疑慮，並減損換發廣播執
    照之實質利益，有違廣播執照效期之規定。今年本公司在換照時，NCC又將此兩網
    以遏制匪波任務已結束及行政院核配頻段為由要將本公司兩網收回，NCC已違反行
    政院訴願決定之指示。且NCC在本公司105年換照行政處分中明載，終止「遏制匪波
    」政策涉及其他公民營電台尚有警廣，台北電台，高雄電台，ICRT及復興電台，
    NCC單單針對中廣收回頻率，不但違反憲法上之平等原則，並已對本公司受憲法保
    障之廣電自由、新聞自由造成侵害，更是削弱媒體對政府之制度性監督，本公司對
    此亦已提出行政救濟。中廣音樂網在全體DJ及同仁戮力不懈下，創造耀眼收聽佳績
    。NCC罔顧音樂網聽眾權益，及就業人員家計，一紙命令就宣布要將兩網收回。NCC
    如收回本公司頻道，本公司為了聽眾權益及就業員工家庭生計，將採取法律途徑捍
    衛頻道。
二、本公司雖尚未接獲分割案申請之裁處書，然據報載NCC否准本公司申請分割案之理
    由，竟係因本公司資產尚有不當黨產之疑慮。實則本公司經過數次換手，早已非政
    黨相關組織，且中廣十年來獨立營運，收聽率全台第一，從未受任何政黨影響。
    NCC並非黨產認定權責機構，不宜以黨產問題作為否准之理由。況分割與否，並不
    影響黨產與否之認定。然NCC未據合法事由否准本公司之分割申請，實有害及本公
    司憲法所保護之財產權，本公司亦將採取法律程序以維護本公司權益。
6.因應措施:重大訊息說明
7.其他應敘明事項:無"
"105/08/19","15:40:30","伍俊彥","協理","公告本公司105年第二次股東臨時會重要決議事項","1.臨時股東會日期:105/08/19
2.重要決議事項:
重要決議事項一、本公司名稱變更案:
 通過本公司名稱變更案
         贊成 81,181,055權(98.44%)，反對 0權(0%)
         無效 0權(0%)，棄權/未投票 1,286,962權(1.56%)。
重要決議事項二、修訂公司章程部分條文案:
 通過修訂公司章程部分條文案
         贊成 81,181,055權(98.44%)，反對 0權(0%)
         無效 0權(0%)，棄權/未投票 1,286,962權(1.56%)。
重要決議事項三、初次申請上市前發行新股公開承銷，提請原股東放棄優先認股權利案:
 通過初次申請上市前發行新股公開承銷，提請原股東放棄優先認股權利案
         贊成 81,181,055權(98.44%)，反對 0權(0%)
         無效 0權(0%)，棄權/未投票 1,286,962權(1.56%)。
重要決議事項四、董事及獨立董事選舉案:
 選舉第十四屆董事四席及獨立董事三席
重要決議事項五、解除新任董事及其所代表人之競業禁止限制案:
 通過解除新任董事及其所代表人之競業禁止限制案
         贊成 28,998,807權(95.75%)，反對 0權(0%)
         無效 0權(0%)，棄權/未投票 1,286,962權(4.25%)。
3.其它應敘明事項:無"
"105/08/19","15:37:27","陳志德","副總經理","公告本公司辦理現金減資完成資本額變更登記
(補充說明換股作業計畫內容""陸、二、舊股票最後過戶日"")","1.主管機關核准減資日期:105/07/22
2.辦理資本變更登記完成日期:105/08/10
3.對財務報告之影響（含實收資本額與流通在外股數之差異與對每股淨值之影響）:
現金減資前後對每股淨值影響，以105年第2季之財務報表數字設算如下：
(1)現金減資前：本公司實收資本額為新台幣1,330,192,550元，流通在外股數
132,575,673股(已扣除庫藏股443,582股)，每股淨值新台幣22.27元。
(2)現金減資後：本公司實收資本額為新台幣1,064,647,240元，流通在外股數
106,109,694股(已扣除庫藏股355,030股)，每股淨值新台幣25.32元。
4.預計換股作業計畫:
壹、本公司業經金融監督管理委員會中華民國105年7月22日金管證發字第1050027010
號函申報生效，核准辦理減資銷除股份，擬辦理股票全面換發作業，並依臺灣證券交
易所股份有限公司「上市公司換發有價證券作業程序」之規定訂定本計畫。
貳、本次全面換票作業應換發之股票為歷年已發行之全部普通股股票133,019,255股，
每股面額新台幣壹拾元，總金額計新台幣1,330,192,550元整。
參、本次現金減資新台幣 265,545,310元，銷除已發行股份26,554,531股，以調整資
本結構及提升股東權益報酬率：依公司法第168條之規定，減少資本應依股東所持股份
比例減少之，減少比率為19.96292266 %。
肆、減資後換發股份總數及總金額：
一、減資後換發股數：106,464,724股。
二、每股金額：10元。
三、減資後換發金額：1,064,647,240元。
伍、本次減資銷除股份換發新股票(採無實體發行)，依「減資換股基準日」之股東名
簿記載各股東持有股份分別計算，每仟股換發800.3707734股(即每仟股減少
199.6292266股)；減資後未滿一股之畸零股，得由股東自減資換股停止過戶日起5日內
向本公司股務代理機構辦理合併湊成整股之登記，未拼湊或拼湊後仍不足一股者，按
每股面額10元計算給付現金，計算至元為止（元以下捨去），所有不滿壹股之普通股
畸零股授權董事長洽特定人以面額10元認購之。減資後新股之權利義務與原發行之股
份相同。
陸、減資換發股票日程：預計 (預計之時程將因交易所核備函作調整)
一、舊股票最後交易日：民國105年9月12日。
二、舊股票最後過戶日：民國105年9月17日。
                      (因適逢假日，故請提前於105年9月14日辦理)
三、舊股票停止過戶期間：民國105年9月18日至105年9月27日止。
四、舊股票停止買賣期間：民國105年9月13日至105年9月27日止。
五、現金減資換發股票基準日：民國105年9月22日。
六、有價證券換發日：民國105年9月28日。
七、新有價證券上市暨舊有價證券終止上市買賣日期：民國105年9月28日。
八、現金減資退還股款發放日：民國105年9月28日。
柒、換發股票之程序及手續：
一、由於本公司已採無實體發行有價證券，即屆時將不再發行現券，故請尚未在證券
商處開設集保戶之股東，儘速至往來證券商開立集保帳戶，以利辦理換發作業。
二、於停止過戶日前持有現股之舊票且已辦妥過戶者，股東應持舊股票，連同本公司
股務代理機構元大證券股份有限公司股務代理部寄發之股票換發申請書、原留印鑑及
集保存摺影本等，至本公司股務代理機構辦理換發手續。
三、於停止過戶日前持有現股之舊票未能辦妥過戶者，須俟新股發放日(105年9月28日
)後，股東請備妥舊股票、過戶通知書、證明文件（買進報告書或股票領回號碼清單或
證券交易稅單）、集保存摺影本、身份證正反面影印本及原留印鑑章，至本公司股務
代理機構辦理過戶及換發手續。
四、已送存證券集保帳戶之股票，由台灣集中保管結算所股份有限公司於新股上市買
賣日統一換發為無實體之新股上市買賣，不需辦理任何手續。
五、換發地點：台北市大同區承德路三段210號地下一樓，元大證券股份有限公司股
務代理部，電話：（02）2586-5859。
5.預計減資新股上市後之上市普通股股數:106,464,724股
6.預計減資新股上市後之上市普通股股數占已發行普通股比率
 （減資後上市普通股股數/減資後已發行普通股股數）:100%
7.前二項預計減資後上巿普通股股數未達6000萬股且未達25%者，請說明股權流通性偏低
  之因應措施:不適用
8.其他應敘明事項:本公司辦理現金減資變更登記業經經濟部商業司105年08月10日
經授商字第10501187980號函核准登記在案，本公司收文日期為105年08月12日。"
"105/08/19","15:35:30","張惠純","財務主管","公告本公司訂定現金減資基準日、換發股票
作業計畫書及減資換發股票基準日等相關事宜","1.董事會決議日期:105/08/19
2.減資基準日:105/08/19
3.減資換發股票作業計畫:
一、茲依據本公司105年6月22日股東常會決議辦理現金減資案，辦理全面換發股票
作業，並依「臺灣證券交易所股份有限公司上市公司換發股票作業程序」之規定，
訂定本作業計畫。
二、本次應換發之股票，包括歷年發行之全部上市股票，計普通股189,820,383股
，每股面額為新台幣10元，共計新台幣1,898,203,830元。
三、本次現金減資新台幣227,784,460元整，共銷除股份22,778,446股，減資比率為
12%，用以改善資本結構、提昇股東權益報酬率；依公司法第168條之規定，減少資
本應依股東所持股份比例減少之。
四、本次減資後股數計167,041,937股，每股面額為新台幣10元，計新台幣
1,670,419,370元。
五、本次減資銷除股份換發新股票(採無實體發行)，依「減資換股基準日」股東名
簿記載各股東持有股份分別計算，每仟股換發新股880股及每股退還新台幣1.20元
（即股東每仟股減少120股並退還現金1,200元），以匯款或郵寄支票方式發放（發
放至元為止，元以下捨去），發放處理費由股東自行負擔。減資後不滿壹股之畸零
股，按面額計算給付現金，計算至元為止(元以下捨去)，不滿壹股之畸零股授權董
事長洽特定人依面額認購之。
六、減資換發股票日程：
(一)減資換股票基準日為105年10月8日。
(二)舊股票最後交易日為105年9月29日。
(三)舊股票自105年9月30日起停止在市場買賣。
(四)舊股票自105年10月4日起至105年10月13日止停止辦理過戶，最後過戶日為105
年10月3日。
(五)新股票上市買賣日（舊股票終止上市日）訂為民國105年10月14日，自新股票
上市買賣之日起原上市買賣之舊股票不得作為買賣交割之標的。
(六)減資後換發之新股其權利義務均相同。
(七)現金減資退還股款發放日：105年10月14日。
七、換發程序及手續：
(一)本公司已採無實體發行有價證券，屆時將不再發行實體股票，故請尚未在證券
商開設保管劃撥帳戶之股東，儘速至往來證券商開設保管劃撥帳戶，以利辦理換發
作業。
(二)已過戶舊股票換發：請股東持舊股票、原留印鑑章，俟新股換發日（105年10
月14日）後，至本公司股務代理機構福邦證券股務代理部辦理股票換發手續。
(三)未過戶舊股票換發：須俟新股換發日（105年10月14日）後，請股東持舊股票
、轉讓過戶申請書、買進報告書或證券交易稅單、股票領回號碼清單等相關證明文
件及身分證正反面影本、股東印鑑卡、印鑑章至本公司股務代理機構福邦證券股務
代理部辦理股票換發手續。
(四)原已存放於證券商開設之保管劃撥帳戶之股票，由臺灣集中保管結算所股份有
限公司於新股上市買賣日統一換發為無實體之新股，不需辦理任何手續。
(五)換發地點：台北市中正區忠孝西路一段6號6樓，電話：02-2371-1658，福邦證
券股務代理部。
八、其他未盡事宜，擬依公司法及其他相關法令辦理。
九、為配合主管機關實際作業時程之更迭，擬授權董事長得視實際作業進度修訂預
計之相關作業日程。
4.換發股票基準日:105年10月8日
5.減資後新股權利義務:與原發行之股份相同。
6.新股預計上市日:105年10月14日
7.預計減資新股上市後之上市普通股股數:167,041,937股
8.預計減資新股上市後之上市普通股股數占已發行普通股比率
 （減資後上市普通股股數/減資後已發行普通股股數）:100%
9.前二項預計減資後上巿普通股股數未達6000萬股且未達25%者，
  請說明股權流通性偏低之因應措施:不適用
10.其他應敘明事項:
該減資案業經105年08月18日金融監督管理委會金管證發字第1050030248號申報生效
在案，減資基準日僅作為向經濟部申請辦理減資變更登記之用。"
"105/08/19","15:30:52","宋台生","總經理","因應本公司上櫃申請作業需求，委請會計師執行內部控制
制度專案審查，申報公告取得會計師「內部控制制度審查報告」
(審查期間104/07/01至105/06/30)","1.取得會計師「內部控制專案審查報告」日期:105/08/19
2.委請會計師執行內部控制專案審查日期:104/07/01~105/06/30
3.委請會計師執行內部控制專案審查之緣由:因應本公司上櫃申請作業需求。
4.申報公告「內部控制專案審查報告」內容之日期:105/08/19
5.其他應敘明事項:無。"
"105/08/19","15:28:53","黃敏迪(代)","協理","公告更正本公司104年度年報部份內容","1.事實發生日:105/08/19
2.發生緣由:修訂本公司股東會104年度年報
封面及第9、10、12、17、20、28、30、31、83頁部份內容。
3.因應措施:發布重大訊息並重新上傳修訂後年報至公開資訊觀測站(股東會後修訂本)。
4.其他應敘明事項:無"
"105/08/19","15:26:28","莊欣怡","法規處協理","本公司將於105年8月25日舉辦上櫃前業績發表會","符合條款第XX款：30
事實發生日：105/08/25
1.召開法人說明會之日期：105/08/25
2.召開法人說明會之時間：14 時 30 分 
3.召開法人說明會之地點：台北寒舍艾美酒店3樓翡翠、珍珠廳(台北市信義區松仁路38號)
4.法人說明會擇要訊息：本次業績發表會將由本公司經營團隊說明產業發展、財務業務狀況、未來風險、公司治理及企業社會責任、有價證券上櫃審議委員會詢問重點暨財團法人中華民國證券櫃檯買賣中心董事會要求補充揭露事項。
5.法人說明會簡報內容：內容檔案於當日會後公告於公開資訊觀測站
6.公司網站是否有提供法人說明會內容：有，網址： http://www.lumosa.com.tw/invest.php
7.其他應敘明事項：無"
"105/08/19","15:24:12","蔡澤明","協理","公告本公司國內第二次無擔保轉換公司債(以下簡稱上緯二)
於105/8/31變更為上緯國際投資控股股份有限公司公司債。","1.事實發生日:105/08/09
2.公司名稱:上緯企業股份有限公司
3.與公司關係(請輸入本公司或子公司):本公司
4.相互持股比例:不適用
5.發生緣由:
一、本公司於105/5/9召開上緯二債權人會議之決議事項
通過修改本公司一○四年度發行國內第二次無擔保可轉換公
司債發行及轉換辦法，將發行人變更為上緯國際投資控股股
份有限公司(以下簡稱上緯投控)。
二、上緯投控股份轉換基準日為105/8/31，上緯二於該基準日
終止上櫃，轉由上緯投控公司債上櫃交易。
三、以上，經財團法人中華民國證券櫃檯買賣中心105年8月9日
證櫃債字第1050021304號函同意。
6.因應措施:無
7.其他應敘明事項:無"
"105/08/19","15:23:34","蔡澤明","協理","公告本公司國內第一次無擔保轉換公司債(以下簡稱上緯一)
於105/8/31變更為上緯國際投資控股股份有限公司公司債。","1.事實發生日:105/08/09
2.公司名稱:上緯企業股份有限公司
3.與公司關係(請輸入本公司或子公司):本公司
4.相互持股比例:不適用
5.發生緣由:
一、本公司於105/5/9召開上緯一債權人會議之決議事項
通過修改本公司一○二年度發行國內第一次無擔保可轉換公
司債發行及轉換辦法，將發行人變更為上緯國際投資控股股
份有限公司(以下簡稱上緯投控)。
二、上緯投控股份轉換基準日為105/8/31，上緯一於該基準日
終止上櫃，轉由上緯投控公司債上櫃交易。
三、以上，經財團法人中華民國證券櫃檯買賣中心105年8月9日
證櫃債字第1050021304號函同意。
6.因應措施:無
7.其他應敘明事項:無"
"105/08/19","15:23:15","伍俊彥","協理","申豐召開法人說明會之相關訊息","符合條款第XX款：30
事實發生日：105/08/30
1.召開法人說明會之日期：105/08/30
2.召開法人說明會之時間：15 時 00 分 
3.召開法人說明會之地點：KGI凱基證券總部大樓 台北市明水路700號12樓
4.法人說明會擇要訊息：本公司受凱基證券邀請，舉辦105年第二季法人座談會，說明公司營運狀況
5.法人說明會簡報內容：內容檔案於當日會後公告於公開資訊觀測站
6.公司網站是否有提供法人說明會內容：無
7.其他應敘明事項：無"
"105/08/19","15:19:59","鄒永芳","副總經理","公告本公司董事會決議新增資金貸與金額達新臺幣一千萬元以
上且達本公司最近期財務報表淨值百分之二以上","1.事實發生日:105/08/19
2.接受資金貸與之:
(1)公司名稱:江蘇榮成環保科技股份有限公司
(2)與資金貸與他人公司之關係:
本公司與子公司持股超過百分之五十之被投資公司。
(3)資金貸與之限額(仟元):4453828
(4)原資金貸與之餘額(仟元):497600
(5)本次新增資金貸與之金額(仟元):948400
(6)是否為董事會授權董事長對同一貸與對象分次撥貸或循環動用之資金貸與:是
(7)迄事實發生日止資金貸與餘額(仟元):1446000
(8)本次新增資金貸與之原因:
營業週轉
3.接受資金貸與公司所提供擔保品之:
(1)內容:
無
(2)價值(仟元):0
4.接受資金貸與公司最近期財務報表之:
(1)資本(仟元):3294600
(2)累積盈虧金額(仟元):-6170
5.計息方式:
3.2%(RMB計價)
6.還款之:
(1)條件:
1.RMB10,000萬元還款之條件為到期歸還借款本金及利息。
2.RMB10,000萬元尚未貸與。
(2)日期:
1.RMB10,000萬元還款日期為民國106年8月21日。
2.RMB10,000萬元尚未貸與。
7.迄事實發生日為止，資金貸與餘額(仟元):
11406260
8.迄事實發生日為止，資金貸與餘額占公開發行公司最近期財務報表淨值之比率:
76.83
9.公司貸與他人資金之來源:
母公司
10.其他應敘明事項:
公司貸與他人資金之來源係本公司自有資金。"
"105/08/19","15:19:51","黃玉秋","財會協理","補充本公司股價達公佈注意交易資訊標準，公布相關資訊","1.事實發生日:105/08/19
2.發生緣由:本公司有價證券近期多次達公佈注意交易資訊標準，故
公布相關資訊，以利投資人區別瞭解。
3.財務業務資訊:
單月                 105年7月   104年7月  與去年同期增減%
營業收入(百萬元)       2.83      12.70          -77.72%
稅前純益(百萬元)      -5.93      -1.01         -487.13%
稅後純益(百萬元)      -5.93      -1.01         -487.13%
每股盈餘(元)          -0.25      -0.04         -525.00%
最近二個月累計      105年6月-105年7月   104年6月-104年7月  與去年同期增減%
營業收入(百萬元)                13.28              21.36          -37.83%
稅前純益(百萬元)                -6.86              -4.08          -68.14%
稅後純益(百萬元)                -6.71              -4.08          -64.46%
每股盈餘(元)                    -0.28              -0.17          -64.71%
單季                 105年第2季    104年第2季  與去年同期增減%
營業收入(百萬元)         50.52         32.75           54.26%
稅前純益(百萬元)         -3.90         -7.70           49.35%
稅後純益(百萬元)         -3.75         -7.93           52.71%
每股盈餘(元)             -0.16         -0.33           51.52%
最近四季累計         104第3季至105年第2季
營業收入(百萬元)                  180.30
稅前純益(百萬元)                    0.07
稅後純益(百萬元)                   -3.26
每股盈餘(元)                       -0.14
註1:以上105年6、7月及去年同期比較數之財務資料係本公司採IFRS會計準則編製之合併
核閱數，未經會計師查核(閱)，僅供投資人參考。
註2:最近一季105年第2季係指單季數字，非為最近財務報告中之累計數字，且係本
公司採IFRS下編製之合併數，業經會計師查核(閱)，僅供投資人參考。
註3:最近四季累計係本公司104年第3季至105年第2季採IFRS編製之合併數，業經會計
師查核(閱)，僅供投資人參考。
註4:每股盈餘係以期末流通在外股數計算。
4.有無「財團法人中華民國證券櫃檯買賣中心對有價證券上櫃公司
重大訊息之查證暨公開處理程序 」第4條所列重大訊息之情事（如
「有」，請說明）:無
5.有無「財團法人中華民國證券櫃檯買賣中心對有價證券上櫃公司
重大訊息之查證暨公開處理程序」第11條所列重大訊息說明記者會
之情事:無
6.其他應敘明事項:無"
"105/08/19","15:19:42","鄒永芳","副總經理","公告本公司董事會決議新增資金貸與金額達新臺幣一千萬元以
上且達本公司最近期財務報表淨值百分之二以上","1.事實發生日:105/08/19
2.接受資金貸與之:
(1)公司名稱:平湖榮成環保科技有限公司
(2)與資金貸與他人公司之關係:
本公司與子公司持股超過百分之五十之被投資公司。
(3)資金貸與之限額(仟元):4453828
(4)原資金貸與之餘額(仟元):248800
(5)本次新增資金貸與之金額(仟元):1659700
(6)是否為董事會授權董事長對同一貸與對象分次撥貸或循環動用之資金貸與:是
(7)迄事實發生日止資金貸與餘額(仟元):1908500
(8)本次新增資金貸與之原因:
營業週轉
3.接受資金貸與公司所提供擔保品之:
(1)內容:
無
(2)價值(仟元):0
4.接受資金貸與公司最近期財務報表之:
(1)資本(仟元):4781868
(2)累積盈虧金額(仟元):902680
5.計息方式:
3.2%(RMB計價)
6.還款之:
(1)條件:
1.RMB20,000萬元還款之條件為到期歸還借款本金及利息。
2.RMB10,000萬元還款之條件為到期歸還借款本金及利息。
3.RMB5,000萬元尚未貸與。
(2)日期:
1.RMB20,000萬元還款日期為民國106年8月18日。
2.RMB10,000萬元還款日期為民國106年8月21日。
3.RMB5,000萬元尚未貸與。
7.迄事實發生日為止，資金貸與餘額(仟元):
11406260
8.迄事實發生日為止，資金貸與餘額占公開發行公司最近期財務報表淨值之比率:
76.83
9.公司貸與他人資金之來源:
母公司
10.其他應敘明事項:
公司貸與他人資金之來源係本公司自有資金。"
"105/08/19","15:19:17","鄒永芳","副總經理","公告本公司董事會決議105年現金增資發行新股之認購
價格與認股基準日案","1.董事會決議或公司決定日期:105/08/19
2.發行股數:普通股172,000,000股。
3.每股面額:新台幣10元。
4.發行總金額:新台幣1,720,000,000元。
5.發行價格:以不低於除權交易日前五個營業日之前一、三、五
個營業日擇一計算之普通股平均股價之七成，擬授權董事長洽承銷商依
當時市場狀況共同議定之。
6.員工認股股數:依公司法第267條規定，保留發行新股總額百分之十計17,200,000股由
本公司員工認購。
7.原股東認購比率:其餘百分之八十計137,600,000股由原股東按認股基準日股東名簿所載
之股東及其持股比例認購，每仟股認購164.9280286股。
8.公開銷售方式及股數:提撥百分之十計17,200,000股辦理公開承銷。
9.畸零股及逾期未認購股份之處理方式:認購未滿一股之畸零股得由股東在停止過戶日起
五日內自行向本公司股務代理機構辦理拼湊整股認購。原股東及員工放棄認股或拼湊不
足一股之畸零股，授權董事長洽特定人按發行價格認購之。
10.本次發行新股之權利義務:本次現金增資發行新股之權利義務與原股份相同。
11.本次增資資金用途:轉投資榮成中國控股公司(Cayman)，間接投資榮成(中國)
等各事業，並考量償還銀行借款以改善財務結構。
12.現金增資認股基準日:105年9月23日。
13.最後過戶日:105年9月18日。
14.停止過戶起始日期:105年9月19日。
15.停止過戶截止日期:105年9月23日。
16.股款繳納期間:105年9月30日至105年10月6日為原股東及員工認股繳款期間;
105年10月7日至105年10月11日為特定人認股繳款日。
17.與代收及專戶存儲價款行庫訂約日期:105年8月19日。
18.委託代收存款機構:第一商業銀行西門分行及全省各地分行。
19.委託存儲款項機構:台北富邦商業銀行安和分行。
20.其他應敘明事項:
(1)本次現金增資發行新股業經金融監督管理委員會105年8月16日
金管證發字第1050030391號函申報生效。
(2)本次增資發行相關事宜，如經主管機關修正或有未盡事宜，或因客觀
環境而需要變更時，授權董事長全權處理之。"
"105/08/19","15:11:14","伍俊彥","協理","公告本公司105年第二次股東臨時會決議通過解除董事
競業禁止之限制案","1.股東會決議日:105/08/19
2.許可從事競業行為之董事姓名及職稱:
邱秀瑩/董事
黃鯤雄/董事
3.許可從事競業行為之項目:
(1)董事:邱秀瑩
中華紙漿股份有限公司董事
三越企業股份有限公司董事
(2)董事:黃鯤雄
中華紙漿股份有限公司董事長
4.許可從事競業行為之期間:擔任董事期間
5.決議情形（請依公司法第209條說明表決結果）:投票表決同意通過
6.所許可之競業行為如屬大陸地區事業之營業者，董事姓名及職稱（非屬大陸地區事業之
營業者，以下欄位請輸不適用）:不適用
7.所擔任該大陸地區事業之公司名稱及職務:不適用
8.所擔任該大陸地區事業地址:不適用
9.所擔任該大陸地區事業營業項目:不適用
10.對本公司財務業務之影響程度:無
11.董事如有對該大陸地區事業從事投資者，其投資金額及持股比例:不適用
12.其他應敘明事項:無"
"105/08/19","15:00:45","伍俊彥","協理","公告本公司第十四屆董事當選名單及
董事變動達三分之一","1.發生變動日期:105/08/19
2.舊任者姓名及簡歷:
永豐餘投資控股股份有限公司
代表人:邱秀瑩/申豐化學工業股份有限公司董事長
代表人:許志民/申豐化學工業股份有限公司總經理
代表人:邱宗文/申豐化學工業股份有限公司協理
代表人:陳世明/中華紙漿股份有限公司處長
代表人:黃雅惠/永豐餘投控研究中心經理
3.新任者姓名及簡歷:
永豐餘投資控股股份有限公司
代表人:邱秀瑩/申豐化學工業股份有限公司董事長
代表人:許志民/申豐化學工業股份有限公司總經理
代表人:黃鯤雄/中華紙漿股份有限公司董事長
何世投資股份有限公司
代表人:何堉輝/何世投資股份有限公司董事長
朱博湧/交通大學管理科學系教授
顏溪成/台大化工系教授
楊長謀/清華大學材料系教授
4.異動情形（請輸入「辭職」、「解任」、「任期屆滿」或「新任」）:任期屆滿
5.異動原因:為配合實際運作，成立審計委員會，董事全面改選
6.新任董事選任時持股數:
法人董事　永豐餘投資控股股份有限公司:52,182,248股
法人董事　何世投資股份有限公司:1,805,466股
獨立董事　朱博湧/0股
獨立董事　顏溪成/0股
獨立董事　楊長謀/0股
7.原任期（例xx/xx/xx ~ xx/xx/xx）:104/07/25~105/08/18
8.新任生效日期:105/08/19~108/8/18
9.同任期董事變動比率:不適用
10.其他應敘明事項:無"
"105/08/19","15:00:38","蔡建勝","總經理","代子公司新至升塑膠模具(深圳)有限公司公告取得理財商品。","1.標的物之名稱及性質（屬特別股者，並應標明特別股約定發行條件，如股息率等）:
廣發證券新至升寶亞3號定向資產管理計劃
2.事實發生日:105/8/19~105/8/19
3.交易數量、每單位價格及交易總金額:
交易總金額人民幣35,000,000元
4.交易相對人及其與公司之關係（交易相對人如屬自然人，且非公司之
關係人者，得免揭露其姓名）:
廣發證券資產管理(廣東)有限公司(中國大陸) 與本公司關係為無
5.交易相對人為關係人者，並應公告選定關係人為交易對象之原因及前次移
轉之所有人、前次移轉之所有人與公司及交易相對人間相互之關係、前次
移轉日期及移轉金額:
不適用
6.交易標的最近五年內所有權人曾為公司之關係人者，尚應公告關係人之取
得及處分日期、價格及交易當時與公司之關係:
不適用
7.本次係處分債權之相關事項（含處分之債權附隨擔保品種類、處分債權
如有屬對關係人債權者尚需公告關係人名稱及本次處分該關係人之債權
帳面金額:
不適用
8.處分利益（或損失）（取得有價證券者不適用）（原遞延者應列表說明
認列情形）:
不適用
9.交付或付款條件（含付款期間及金額）、契約限制條款及其他重要約定
事項:
交易以現金(匯款)一次付清 ; 契約限制條款及其他重要約定事項：無
10.本次交易之決定方式、價格決定之參考依據及決策單位:
依合約辦理 ; 決策單位：依核決權限
11.迄目前為止，累積持有本交易證券（含本次交易）之數量、金額、持股
比例及權利受限情形（如質押情形）:
累積持有總金額人民幣35,000,000元
12.迄目前為止，依「公開發行公司取得或處分資產處理準則」第三條所列
之有價證券投資（含本次交易）占公司最近期財務報表中總資產及歸屬
於母公司業主之權益之比例暨最近期財務報表中營運資金數額（註二）:
占合併總資產之比例:2.27%;
占歸屬於母公司業主之權益比率為:3.60%;
合併營運資金數額: NTD4,070,579仟元
13.經紀人及經紀費用:
不適用
14.取得或處分之具體目的或用途:
取得理財商品
15.本次交易表示異議董事之意見:
無
16.本次交易為關係人交易:否
17.董事會通過日期:
不適用
18.監察人承認日期:
不適用
19.本次交易會計師出具非合理性意見:否
20.其他敘明事項:
無"
"105/08/19","14:58:42","許秀華","副總經理","代重要子公司廈門廈暉橡膠金屬工業有限公司公告累積處分理財
商品","1.標的物之名稱及性質（屬特別股者，並應標明特別股約定發行條件，如股息率等）:
中國農業銀行“本利豐”保本保證收益型人民幣理財商品
2.事實發生日:105/1/12~105/8/19
3.交易數量、每單位價格及交易總金額:
交易數量：不適用
每單位價格：不適用
累積處分理財商品之交易總金額：人民幣32,500仟元(約新台幣153,889仟元)
4.交易相對人及其與公司之關係（交易相對人如屬自然人，且非公司之
關係人者，得免揭露其姓名）:
交易相對人：中國農業銀行
與公司之關係：無
5.交易相對人為關係人者，並應公告選定關係人為交易對象之原因及前次移
轉之所有人、前次移轉之所有人與公司及交易相對人間相互之關係、前次
移轉日期及移轉金額:
不適用
6.交易標的最近五年內所有權人曾為公司之關係人者，尚應公告關係人之取
得及處分日期、價格及交易當時與公司之關係:
不適用
7.本次係處分債權之相關事項（含處分之債權附隨擔保品種類、處分債權
如有屬對關係人債權者尚需公告關係人名稱及本次處分該關係人之債權
帳面金額:
不適用
8.處分利益（或損失）（取得有價證券者不適用）（原遞延者應列表說明
認列情形）:
累積處分利益人民幣330,810.96元(約新台幣1,566仟元)
9.交付或付款條件（含付款期間及金額）、契約限制條款及其他重要約定
事項:
一次付清
10.本次交易之決定方式、價格決定之參考依據及決策單位:
依公司核決權限辦理
11.迄目前為止，累積持有本交易證券（含本次交易）之數量、金額、持股
比例及權利受限情形（如質押情形）:
數量：不適用
累積持有金額：人民幣39,500仟元(約新台幣187,034仟元)
持股比例：不適用
權利受限情形：不適用
12.迄目前為止，依「公開發行公司取得或處分資產處理準則」第三條所列
之有價證券投資（含本次交易）占公司最近期財務報表中總資產及歸屬
於母公司業主之權益之比例暨最近期財務報表中營運資金數額（註二）:
占總資產比例：6.04%
占歸屬於母公司業主之權益比例：9.54%
營運資金：新台幣1,607,786仟元
13.經紀人及經紀費用:
不適用
14.取得或處分之具體目的或用途:
投資理財
15.本次交易表示異議董事之意見:
無
16.本次交易為關係人交易:否
17.董事會通過日期:
不適用
18.監察人承認日期:
不適用
19.本次交易會計師出具非合理性意見:否
20.其他敘明事項:
匯率(105/08/18匯率)：美金與人民幣1：6.6314、美金與新台幣1：31.40"
"105/08/19","14:57:05","陳永和","稽核主管","公告本公司董事會決議第二次庫藏股買回。","1.董事會決議日期:105/08/19
2.買回股份目的:維護公司信用及股東權益
3.買回股份種類:普通股
4.買回股份總金額上限(元):39,244,177
5.預定買回之期間:105/08/22~105/10/21
6.預定買回之數量(股):2,616,000
7.買回區間價格(元):10.00~15.00
8.買回方式:自集中交易市場買回
9.預定買回股份占公司已發行股份總數之比率(%):1.49
10.申報時已持有本公司股份之累積股數(股):0
11.申報前三年內買回公司股份之情形:
買回1次，實際買回12,598仟股，買回金額：239,289,353元，已執行完畢，並已全數辦理
銷除。
12.已申報買回但未執行完畢之情形:
無此情形。
13.董事會決議買回股份之會議紀錄:
案  由：本公司為維護公司信用及股東權益，擬依規定買回本公司股份案，提請  討論。
說  明： 
一、本公司為維護公司信用及股東權益，擬依證券交易法第二十八條之二及上市上櫃公司
買回股份辦法之規定，買回本公司股份2,616仟股。
二、本公司第二次買回庫藏股相關事項如下：
    1.買回目的：維護公司信用及股東權益，買回並辦理註銷股份。
    2.買回股份之種類：普通股。
    3.買回股份總金額上限：新台幣39,240仟元。
    4.預定買回之期間：105/08/22~105/10/21。
    5.預定買回之數量：預定買回2,616仟股。
    6.買回之區間價格：每股新台幣10.0元至新台幣15.0元，若股價低於此區間價格之下
限，公司將繼續執行買回股份。
    7.買回之方式：自集中交易市場買回。
    8.本次預計買回本公司股份佔本公司已發行普通股之1.49%，且預計買回股份之金額上
限佔本公司105年6月30日止流動資產之0.58%，不影響本公司財務狀況及資本之維持。
    9.申報時已持有本公司股份之數量及金額：無。
   10.申報前三年內買回公司股份之情形：12,598仟股。
   11.已申報買回但未執行完畢之情形：無。
   12.本次買回庫藏股之證券承銷商對買回股份價格之合理性評估意見，詳如附件一。
   13.依據「上市上櫃公司買回本公司股份辦法」規定，公司申報買回股份應檢附「董事
會已考慮公司財務狀況，不影響公司資本維持之聲明書」，聲明書如附件二。
   14.有關買回公司股份之董事會決議及執行情形應於最近一次股東會報告。
14.「上市上櫃公司買回本公司股份辦法」第十條規定之轉讓辦法:
不適用。
15.「上市上櫃公司買回本公司股份辦法」第十一條規定之轉換或認股辦法:
不適用。
16.董事會已考慮公司財務狀況，不影響公司資本維持之聲明:
富旺國際開發股份有限公司董事會聲明書
一、本公司經105年8月19日第14屆第6次董事會三分之二以上董事之出席及出席董事超過
    二分之一之同意通過，自申報日起二個月內於證券商營業處所買回本公司股份2,616
    仟股。
二、上述買回股份總數，僅佔本公司已發行股份之1.49%，且買回股份所需金額上限占本公
司流動資產之0.58%，茲聲明本公司董事會已考慮公司財務狀況，上述股份買回並不影響本
公司資本之維持。
三、本聲明書業經本公司上述同次董事會議通過，出席董事7人均同意本聲明書之內容，併
此聲明。
17.會計師或證券承銷商對買回股份價格之合理性評估意見:
本公司證券承銷商認為本公司本次買回公司股份訂定之價格區間，其決策過程具合法性，
價格區間之訂定亦具合理性與適法性，且對公司財務與股東權益之影響有限，故尚無重大
異常情事。
18.其他證期局所規定之事項:
無。"
"105/08/19","14:51:58","盧晉佑","財務會計主管","本公司新增資金貸與金額達「公開發行公司資金貸與及背書保證處
理準則」第22條第1項第3款之規定","1.事實發生日:105/08/19
2.接受資金貸與之:
(1)公司名稱:聯德精密材料(中國)股份有限公司
(2)與資金貸與他人公司之關係:
本公司持股90%之子公司
(3)資金貸與之限額(仟元):543449
(4)原資金貸與之餘額(仟元):94620
(5)本次新增資金貸與之金額(仟元):236550
(6)是否為董事會授權董事長對同一貸與對象分次撥貸或循環動用之資金貸與:是
(7)迄事實發生日止資金貸與餘額(仟元):331170
(8)本次新增資金貸與之原因:
營運週轉
3.接受資金貸與公司所提供擔保品之:
(1)內容:
無
(2)價值(仟元):0
4.接受資金貸與公司最近期財務報表之:
(1)資本(仟元):273372
(2)累積盈虧金額(仟元):341406
5.計息方式:
2.0 %
6.還款之:
(1)條件:
合約到期日
(2)日期:
合約到期日
7.迄事實發生日為止，資金貸與餘額(仟元):
331170
8.迄事實發生日為止，資金貸與餘額占公開發行公司最近期財務報表淨值之比率:
24.38
9.公司貸與他人資金之來源:
母公司
10.其他應敘明事項:
昆山聯德精密機械有限公司更名為「聯德精密材料(中國)股份有限公司」。"
"105/08/19","14:48:27","伍俊彥","協理","公告本公司第十四屆董事長選任案","1.董事會決議日或發生變動日期:105/08/19
2.舊任者姓名及簡歷:邱秀瑩/申豐董事長
3.新任者姓名及簡歷:邱秀瑩/申豐董事長
4.異動情形（請輸入「辭職」、「職務調整」、「解任」、「任期屆滿」或「新任」）:
任期屆滿
5.異動原因:任期屆滿
6.新任生效日期:105/08/19
7.其他應敘明事項:無"
"105/08/19","14:47:46","伍俊彥","協理","公告本公司委任第二屆薪資報酬委員會委員","1.發生變動日期:105/08/19
2.功能性委員會名稱:薪資報酬委員會委員
3.舊任者姓名及簡歷:朱博湧/交通大學管理科學系教授
顏溪成/台大化工系教授
施大邵/英屬開曼群島商利華資本管理股份有限公司台北辦事處董事總經理
4.新任者姓名及簡歷:朱博湧/交通大學管理科學系教授
顏溪成/台大化工系教授
楊長謀/清華大學材料系教授
5.異動情形（請輸入「辭職」、「解任」、「任期屆滿」或「新任」）:任期屆滿
6.異動原因:任期屆滿
7.原任期（例xx/xx/xx ~ xx/xx/xx）:105/06/06~105/08/18
8.新任生效日期:105/08/19
9.其他應敘明事項:無"
"105/08/19","14:47:15","伍俊彥","協理","公告本公司設置審計委員會","1.發生變動日期:105/08/19
2.功能性委員會名稱:審計委員會
3.舊任者姓名及簡歷:不適用
4.新任者姓名及簡歷:朱博湧/交通大學管理科學系教授
顏溪成/台大化工系教授
楊長謀/清華大學材料系教授
5.異動情形（請輸入「辭職」、「解任」、「任期屆滿」或「新任」）:新任
6.異動原因:新任
7.原任期（例xx/xx/xx ~ xx/xx/xx）:NA
8.新任生效日期:105/08/19
9.其他應敘明事項:無"
"105/08/19","14:38:36","蔡澤明","協理","本公司受邀參加富邦證券舉辦之海外路演","符合條款第四條第XX款：12
事實發生日：105/08/22
1.召開法人說明會之日期：105/08/22 ~ 105/08/24
2.召開法人說明會之時間：09 時 00 分 
3.召開法人說明會之地點：香港及新加坡
4.法人說明會擇要訊息：本公司受邀參加富邦證券舉辦之海外路演
5.其他應敘明事項：無
完整財務業務資訊請至公開資訊觀測站之法人說明會一覽表或法說會項目下查閱。"
"105/08/19","14:38:18","劉啟東","財務長","公告本公司取得機器設備之相關資料","1.標的物之名稱及性質（如坐落台中市北區ＸＸ段ＸＸ小段土地）:
機器設備。
2.事實發生日:105/6/6~105/8/19
3.交易單位數量（如ＸＸ平方公尺，折合ＸＸ坪）、每單位價格及交易總金額:
交易單位數量：一批；每單位平均價格：新台幣558,779,811元；
總金額：新台幣558,779,811元。
4.交易相對人及其與公司之關係（交易相對人如屬自然人，且非公司之關
係人者，得免揭露其姓名）:
TOKYO ELECTRON LIMITED；非關係人。
5.交易相對人為關係人者，並應公告選定關係人為交易對象之原因及前次移轉之
所有人、前次移轉之所有人與公司及交易相對人間相互之關係、前次移轉日期
及移轉金額:
不適用。
6.交易標的最近五年內所有權人曾為公司之關係人者，尚應公告關係
人之取得及處分日期、價格及交易當時與公司之關係:
不適用。
7.預計處分利益（或損失）（取得資產者不適用）（遞延者應列表說明
認列情形）:
不適用。
8.交付或付款條件（含付款期間及金額）、契約限制條款及其他重要約定
事項:
依訂單條件付款。契約限制條款:無。其他重要約定事項:無。
9.本次交易之決定方式（如招標、比價或議價）、價格決定之參考依據及
決策單位:
交易決定方式:議價。價格決定之參考依據:按市場行情。
決策單位:公司採購核定會議決定。
10.專業估價者事務所或公司名稱及其估價金額:
不適用。
11.專業估價師姓名:
不適用。
12.專業估價師開業證書字號:
不適用。
13.估價報告是否為限定價格、特定價格或特殊價格:否
14.是否尚未取得估價報告:是
15.尚未取得估價報告之原因:
不適用。
16.與交易金額比較有重大差異原因及會計師意見:
不適用。
17.經紀人及經紀費用:
無。
18.取得或處分之具體目的或用途:
供生產用。
19.本次交易表示異議之董事之意見:
不適用。
20.本次交易為關係人交易:否
21.董事會通過日期:
不適用
22.監察人承認或審計委員會同意日期:
不適用
23.本次交易係向關係人取得不動產:否
24.依「公開發行公司取得或處分資產處理準則」第十五條規定
評估之價格:不適用
25.依前項評估之價格較交易價格為低者，依同準則第十六條規
定評估之價格:不適用
26.其他敘明事項:
無。"
"105/08/19","14:30:51","涂耀仁","竹科分公司執行長","公告本公司國內第一次擔保轉換公司債轉換價格不予調整","1.事實發生日:105/08/19
2.公司名稱:聿新生物科技股份有限公司
3.與公司關係(請輸入本公司或子公司):本公司
4.相互持股比例:不適用
5.發生緣由:不適用
6.因應措施:配合辦理105年除息作業，依本公司國內第一次擔保轉換公司債發行　
          及轉換辦法第12條規定，如配發現金股利占每股時價之比率超過1.5%時，
          轉換價格應予以調整，經董事會決議，授權董事長依法處理。因本次配發
          現金股利占每股時價之比率未超過1.5%，故本公司國內第一次擔保轉換
          公司債轉換價格不予調整。
7.其他應敘明事項:無"
"105/08/19","14:30:33","簡裘裘","總經理","澄清媒體報導","1.事實發生日:105/08/19
2.公司名稱:新麗企業股份有限公司
3.與公司關係(請輸入本公司或子公司):本公司
4.相互持股比例:不適用。
5.傳播媒體名稱:中時電子報、工商時報。
6.報導內容:「.......依新麗評估，工業用不織布，同時以應用端發展出客戶所需的功能
性材料，無論是毛利率、淨利率會比一般性不織布產品高出許多，預期20％以上.......
......明年更有翻倍的空間。」
7.發生緣由:本公司並未發佈105年度任何相關營收、毛利、EPS及預測性財務數據，且本
公司亦未編製及公告任何相關財務預測。有關本公司財務或業務資訊，請以本公司公告
於公開資訊觀測站之資料為準，敬請投資人審慎判斷，以確保自身權益。
8.因應措施:發布重大訊息澄清。
9.其他應敘明事項:無。"
"105/08/19","14:29:02","金崇仁","副總經理","本公司法人董事之代表人變動","1.發生變動日期: 105/08/19
2.法人名稱: 中國鋼鐵股份有限公司
3.舊任者姓名及簡歷: 中鋼公司代表人梁修長，中聯資源公司董事長
4.新任者姓名及簡歷: 中鋼公司代表人郭新進，中鋼結構公司董事長
5.異動原因:改派代表人
6.原任期（例xx/xx/xx至xx/xx/xx）:105/06/21~108/06/20
7.新任生效日期:105/08/31
8.其他應敘明事項:無"
"105/08/19","14:28:43","黃玉秋","財會協理","更正本公司股價達公佈注意交易資訊標準，公布相關資訊","1.事實發生日:105/08/19
2.發生緣由:本公司有價證券近期多次達公佈注意交易資訊標準，故
公布相關資訊，以利投資人區別瞭解。
3.財務業務資訊:
單月                 105年7月   104年7月  與去年同期增減%
營業收入(百萬元)       2.83      12.70          -77.72%
稅前純益(百萬元)      -5.93      -1.01         -487.13%
稅後純益(百萬元)      -5.93      -1.01         -487.13%
每股盈餘(元)          -0.25      -0.04         -525.00%
最近二個月累計      105年6月-105年7月   104年6月-104年7月  與去年同期增減%
營業收入(百萬元)                13.28              21.36          -37.83%
稅前純益(百萬元)                -6.86              -4.08          -68.14%
稅後純益(百萬元)                -6.71              -4.08          -64.46%
每股盈餘(元)                    -0.28              -0.17          -64.71%
單季                 105年第2季    104年第2季  與去年同期增減%
營業收入(百萬元)         50.52         32.75           54.26%
稅前純益(百萬元)         -3.90         -7.70           49.35%
稅後純益(百萬元)         -3.75         -7.93           52.71%
每股盈餘(元)             -0.16         -0.33           51.52%
最近四季累計         104第2季至105年第1季
營業收入(百萬元)                  180.30
稅前純益(百萬元)                    0.07
稅後純益(百萬元)                   -3.26
每股盈餘(元)                       -0.14
註1:以上105年6、7月及去年同期比較數之財務資料係本公司採IFRS會計準則編製之合併
核閱數，未經會計師查核(閱)，僅供投資人參考。
註2:最近一季105年第1季係指單季數字，非為最近財務報告中之累計數字，且係本
公司採IFRS下編製之合併數，業經會計師查核(閱)，僅供投資人參考。
註3:最近四季累計係本公司104年第2季至105年第1季採IFRS編製之合併數，業經會計
師查核(閱)，僅供投資人參考。
註4:每股盈餘係以期末流通在外股數計算。
4.有無「財團法人中華民國證券櫃檯買賣中心對有價證券上櫃公司
重大訊息之查證暨公開處理程序 」第4條所列重大訊息之情事（如
「有」，請說明）:無
5.有無「財團法人中華民國證券櫃檯買賣中心對有價證券上櫃公司
重大訊息之查證暨公開處理程序」第11條所列重大訊息說明記者會
之情事:無
6.其他應敘明事項:無"
"105/08/19","14:18:58","蔡易忠","董事長兼總經理","公告本公司105年第二季合併營業收入自結數與會計師核閱數
差異說明並更正調整公告","1.事實發生日:105/08/19
2.公司名稱:華德動能科技股份有限公司
3.與公司關係(請輸入本公司或聯屬公司):本公司
4.相互持股比例(若前項為本公司，請填不適用):不適用
5.發生緣由:
本公司105年第二季合併自結營業收入申報數為新台幣90,364仟元，與會計師核閱數
新台幣81,817仟元，差異金額為新台幣8,547仟元，主要差異原因說明如下:
此差異數為收入認列差異造成。本公司於五月底出貨大巴一台至客戶指定地點，並
認列銷貨收入8,547千元，但因客戶未將車輛過戶領牌，會計師進行半年報查核時
依據收入認列實現原則，將此筆營收調整之。
6.因應措施:
於公開資訊觀測站發布重大訊息並更正5月單月營收及5月、6月、7月累計營收公告。
7.其他應敘明事項:無"
"105/08/19","14:14:58","黃亮茳","總經理","公告本公司參與法人說明會之相關資訊","符合條款第四條第XX款：12
事實發生日：105/08/23
1.召開法人說明會之日期：105/08/23
2.召開法人說明會之時間：15 時 40 分 
3.召開法人說明會之地點：臺灣證券交易所1樓資訊展示中心(台北市信義路五段7號)
4.法人說明會擇要訊息：本公司受邀參加臺灣證券交易所舉辦之外國上市公司財務業務說明會，說明本公司財務營運概況。
5.其他應敘明事項：無
完整財務業務資訊請至公開資訊觀測站之法人說明會一覽表或法說會項目下查閱。"
"105/08/19","14:13:48","林志銘","總經理","公告本公司名稱由「尚凡資訊股份有限公司」更名為
「尚凡國際創新科技股份有限公司」","1.事實發生日:105/07/14
2.公司名稱:尚凡國際創新科技股份有限公司(原名:尚凡資訊股份有限公司)
3.與公司關係(請輸入本公司或子公司):本公司
4.相互持股比例:不適用
5.傳播媒體名稱:不適用
6.報導內容:不適用
7.發生緣由:
(一) 本公司於105年6月22日經股東常會決議通過公司更名，業經臺北市政府於105年7月
     14日府產業商字第10588349010號函核准變更登記，本公司原中文名稱「尚凡資訊
     股份有限公司」變更為「尚凡國際創新科技股份有限公司」。
(二) 簡稱及上櫃股票代號未變動，仍為「尚凡」及「5278」。
(三) 本公司更名全面換發股票相關事宜，將依法令規定輸入公開資訊觀測站通知各股
     東。
8.因應措施:
 依據財團法人中華民國證券櫃檯買賣中心證券商營業處所買賣有價證券業務規則第9條
 之1，連續公告3個月。
9.其他應敘明事項:
 本公司於105年7月14日接獲臺北市政府核准函。"
"105/08/19","14:11:54","蔡樹根","副董事長","公告本公司受邀參加臺灣證券交易所舉辦之『外國上市公司財務業務說明會相關事項 』","符合條款第四條第XX款：12
事實發生日：105/08/22
1.召開法人說明會之日期：105/08/22
2.召開法人說明會之時間：14 時 30 分 
3.召開法人說明會之地點：臺灣證券交易所於1樓資訊展示中心(台北市信義路五段7號)
4.法人說明會擇要訊息：本公司受邀參加臺灣證券交易所舉辦之『外國上市公司財務業務說明會相關事項 』
5.其他應敘明事項：無
完整財務業務資訊請至公開資訊觀測站之法人說明會一覽表或法說會項目下查閱。"
"105/08/19","14:08:07","康景泰","執行副總經理","公告原告邱麗娟與本公司及前員工曾穎川損害賠償事件，
判決本公司第一審全部勝訴。","1.法律事件之當事人:
 原告:邱麗娟
 被告:本公司及前員工曾穎川
2.法律事件之法院名稱或處分機關:臺灣新竹地方法院
3.法律事件之相關文書案號:臺灣新竹地方法院104年度訴字第366號判決
4.事實發生日:105/08/19
5.發生原委(含爭訟標的):原告指稱被告曾穎川佯稱有認購現金增資股票等事由向渠騙取
 共5,760,000元，認我公司應負連帶損害賠償責任。
6.處理過程:現業經臺灣新竹地方法院判決本公司第一審全部勝訴。
7.對公司財務業務影響及預估影響金額:被告曾穎川個人非法行為，與本公司業務無關。
 本訴訟對本公司之財務及業務無重大影響。
8.因應措施及改善情形:無
9.其他應敘明事項:無"
"105/08/19","14:01:54","石春美","特助","本公司有價證券近期多次達公佈注意交易資訊標準，故公告
相關訊息，以利投資人區別瞭解。","1.事實發生日:105/08/19
2.發生緣由:依主管機關要求，本公司有價證券近期多次達公佈注
意交易資訊標準，故公告相關訊息，以利投資人區別瞭解。
3.財務業務資訊:
(1)單月(百萬元)
科目          105年7月     104年7月    與去年同期增減%
營業收入        393.50       353.62            11.28%
稅前淨利          4.42        32.96           -86.59%
稅後淨利          1.95        25.42           -92.33%
每股盈餘(元)      0.02         0.32           -93.75%


(2)最近二個月累計(百萬元)
科目         105年6~7月    104年6~7月   與去年同期增減%
營業收入        735.34        713.86             3%
稅前淨利          4.38         47.31         - 90.74%
稅後淨利         -4.98         32.51          盈轉虧
每股盈餘(元)     -0.06          0.41          盈轉虧


(3)單季(百萬元)
科目        105年第2季     104年第2季   與去年同期增減%
營業收入      1,044.00       1,112.20            6.13%
稅前淨利         62.42          12.12          415.00%
稅後淨利         43.02           4.73          809.51%
每股盈餘(元)      0.54           0.05          980.00%


(4)最近四季累計(百萬元)
科目             104年第3季~105年第2季
營業收入                 4,902.81
稅前淨利                   235.89
稅後淨利                   179.05
每股盈餘(元)                 2.24


註1:以上105年6月、7月及去年同期比較數之財務資料係本公司
    採IFRS會計準則編制之合併核閱數，未經會計師查核(核閱)
    ，僅供投資人參考。
註2:最近一季105年第2季係指單季數字，非為最近財務報告中之
    累計數字，且係本公採IFRS會計準則編製之合併數，業經會
    計師核閱，僅供投資人參考。
註3:最近四季累計係本公司104年第3季至105年第2季採IFRS編製
    之合併數，業經會計師查核(閱)，僅供投資人參考。
4.有無「財團法人中華民國證券櫃檯買賣中心對有價證券上櫃公司
重大訊息之查證暨公開處理程序 」第4條所列重大訊息之情事（如
「有」，請說明）:無
5.有無「財團法人中華民國證券櫃檯買賣中心對有價證券上櫃公司
重大訊息之查證暨公開處理程序」第11條所列重大訊息說明記者會
之情事:無
6.其他應敘明事項:無"
"105/08/19","13:56:43","葉麗鳳","協理","本公司更新105年1至7月營收自結數","1.事實發生日:105/08/19
2.公司名稱:懷特生技新藥股份有限公司
3.與公司關係(請輸入本公司或子公司):本公司
4.相互持股比例:不適用
5.發生緣由:營收自結數公告誤植
6.更正資訊項目/報表名稱:月營業收入
7.更正前金額/內容/頁次:
105年1月當月營業淨額895仟元、累計營業淨額895仟元。
105年2月當月營業淨額906仟元、累計營業淨額1,801仟元。
105年3月當月營業淨額912仟元、累計營業淨額2,713仟元。
105年4月當月營業淨額913仟元、累計營業淨額3,626仟元。
105年5月當月營業淨額948仟元、累計營業淨額4,574仟元。
105年6月當月營業淨額965仟元、累計營業淨額5,539仟元。
105年7月當月營業淨額1,009仟元、累計營業淨額6,548仟元。
8.更正後金額/內容/頁次:
105年1月當月營業淨額910仟元、累計營業淨額910仟元。
105年2月當月營業淨額948仟元、累計營業淨額1,858仟元。
105年3月當月營業淨額955仟元、累計營業淨額2,813仟元。
105年4月當月營業淨額2,024仟元、累計營業淨額4,837仟元。
105年5月當月營業淨額2,059仟元、累計營業淨額6,896仟元。
105年6月當月營業淨額2,077仟元、累計營業淨額8,973元。
105年7月當月營業淨額2,121仟元、累計營業淨額11,094仟元。
9.因應措施:重新上傳,更正105年1至7月營業收入。
10.其他應敘明事項:無"
"105/08/19","13:49:25","葉東明","總經理","說明本公司投資餐飲事業進度","1.事實發生日:105/08/19
2.公司名稱:宏森光電科技股份有限公司
3.與公司關係(請輸入本公司或子公司):本公司
4.相互持股比例:不適用
5.發生緣由:105/08/03董事會通過擬投資餐飲事業案，目前尚在評估中，本公司並
未對外發布相關訊息，特此說明。待有實際交易對象後，將另行依規定公告。
6.因應措施:不適用
7.其他應敘明事項:無"
"105/08/19","13:49:25","葉東明","總經理","說明本公司投資餐飲事業進度","1.事實發生日:105/08/19
2.公司名稱:宏森光電科技股份有限公司
3.與公司關係(請輸入本公司或子公司):本公司
4.相互持股比例:不適用
5.發生緣由:105/08/03董事會通過擬投資餐飲事業案，目前尚在評估中，本公司並
未對外發布相關訊息，特此說明。待有實際交易對象後，將另行依規定公告。
6.因應措施:不適用
7.其他應敘明事項:無"
"105/08/19","13:45:28","林鴻鵬","經理","公告本公司取得〝高雄海洋文化及流行音樂中心〞及〝高雄
捷運R11永久車站〞新梯訂單","1.事實發生日:105/08/19
2.公司名稱:崇友實業股份有限公司
3.與公司關係(請輸入本公司或子公司):本公司
4.相互持股比例:不適用
5.傳播媒體名稱:不適用
6.報導內容:不適用
7.發生緣由:本公司取得〝高雄海洋文化及流行音樂中心〞及〝高雄捷運R11永久車站〞新
          梯訂單，兩案電梯/電扶梯共52台，契約金額合計近新台幣1.34億元，預計於
          2019年完工驗收。
8.因應措施:發布重大訊息公告。
9.其他應敘明事項:無。"
"105/08/19","13:27:22","陳正煌","總經理","公告105年07月份自結合併財務報告之負債比率、流動比率
及速動比率","1.事實發生日:105/08/19
2.公司名稱:驊陞科技股份有限公司
3.與公司關係(請輸入本公司或聯屬公司):本公司
4.相互持股比例(若前項為本公司，請填不適用):不適用
5.發生緣由:因本公司103年度第2季財務報告之負債比率偏高達65.24%，依櫃買中心證櫃
審字第1030101342號函要求辦理公告
6.因應措施:每月底前公告自結合併財務報告截至前一月底之負債比率、流動比率及速動
比率
105年07月份自結合併財務報告之財務比率
負債比率=65.86%
流動比率=143.90%
速動比率=104.31%
7.其他應敘明事項:無"
"105/08/19","13:14:25","蔡孟霖","總經理","更正公告本公司105年度第二季合併財務報告部分資訊","1.事實發生日:105/08/19
2.公司名稱:友霖生技醫藥(股)公司
3.與公司關係(請輸入本公司或聯屬公司):本公司
4.相互持股比例(若前項為本公司，請填不適用):不適用
5.發生緣由:更正本公司105年度第二季合併財務報告有關預收股款（權益項下）之
約當發行股數及每股淨值如下:
更正前 預收股款（權益項下）之約當發行股數 19,427股，每股淨值 10.57元
更正後 預收股款（權益項下）之約當發行股數 19,427,416股，每股淨值 8.98元
6.因應措施:於公開資訊觀測站發布重大訊息並重新上傳更正後資料。
7.其他應敘明事項:無。"
"105/08/19","11:56:28","潘銘雄","財務副總","澄清媒體報導","1.事實發生日:105/08/18
2.公司名稱:Ginko International Co., Ltd.
3.與公司關係(請輸入本公司或子公司):本公司
4.相互持股比例:無
5.傳播媒體名稱:105/08/18財訊快報
6.報導內容:
個股：金可-KY(8406)下半年業績動能強，法人估今年賺近兩個股本
7.發生緣由:【105/8/18  財訊快報 報導】…日本市場預計第四季開始銷售，
..........法人估全年營收成長10-15%，超過68億元，下半年可望賺逾一個股
本，全年度的EPS預估逾19.5元，再創歷史新高。
有關報導未來銷售增長預測純屬法人自行推估，本公司並未對外發布相關訊息。
本公司之財務業務資訊，應以實際公告為準。
8.因應措施:無
9.其他應敘明事項:無"
"105/08/19","11:54:48","陳樂群(暫代)","協理","澄清媒體之相關報導","1.事實發生日:105/08/19
2.公司名稱:元太科技工業股份有限公司
3.與公司關係(請輸入本公司或子公司):本公司
4.相互持股比例:不適用
5.傳播媒體名稱:工商時報及經濟日報
6.報導內容:
 (1)工商時報
 報導標題:電子紙應用增 元太本季業績 看增2成
 報導內容:
 …市場預期元太第3季營收成長率上看20％…
 …法人預估，元太第3季營收將突破40億元，季成長率上看20％。
 (2)經濟日報
 報導標題:元太轉運 業績將季季高 電子紙多元新應用發酵
 報導內容:
 …元太搶進Google模組化手機Ara開發陣營…電子紙次螢幕的獨家供應商…
 …挑戰全年EPS賺2元的目標，重拾2010年EPS賺3.81元，2011年每股大賺
 6.05元的風光歲月。
7.發生緣由:
澄清媒體之相關報導
8.因應措施:
針對媒體報導，本公司並未對外發佈任何相關訊息，特此澄清說明，
有關公司財務及業務資訊，以「公開資訊觀測站」公告為準。
9.其他應敘明事項:無"
"105/08/19","11:49:59","包金昌","財務兼會計主管","公告本公司名稱由「卓韋光電股份有限公司」
更名為「群富通科技股份有限公司」","1.事實發生日:105/08/19
2.公司名稱:群富通科技股份有限公司(原名稱:卓韋光電股份有限公司)
3.與公司關係(請輸入本公司或子公司):不適用
4.相互持股比例:不適用
5.發生緣由:
(一)本公司於105年6月15日經股東常會決議通過變更公司名稱，
業經經濟部於105年6月30日經授中字第10533999000號函核准變更登記，
本公司原中文名稱「卓韋光電股份有限公司」變更為「群富通科技股份有限公司」。
(二)公司英文名稱未變更，仍為『Join Well Technology Co., Ltd.』。
(三)上櫃股票代號未變動，仍為『3629』。
(四)本公司更名全面換發股票相關事宜，將依法令規定輸入公開資訊觀測站通知各股
東。
6.因應措施:
依據財團法人中華民國證券櫃檯買賣中心證券商營業處所買賣有價證券業務規則
第9條之1規定，連續公告3個月。
7.其他應敘明事項:
本公司於105年7月6日接獲經濟部核准函。"
"105/08/19","11:43:21","陳偉文","副總經理","澄清105/08/19之媒體報導","1.事實發生日:105/08/19
2.公司名稱:環球晶圓股份有限公司
3.與公司關係(請輸入本公司或子公司):本公司
4.相互持股比例:不適用
5.傳播媒體名稱:工商時報、自由時報、台灣蘋果日報及經濟日報
6.報導內容:
有關本公司本公司收購新加坡商SunEdison SEMICONDUCTOR（SEMI）之報導
(1)工商時報A3版
合併後的環球晶圓年營收隨之暴增，有望成為400億元營收大戶。...若符合內部預
期，在今年底前完成合併大業，明年年營收可望較今年激增1.5倍，至400億元。
(2)自由時報C02版
收購案預計今年底完成，環球晶圓董事長徐秀蘭表示，收購完成後，新環球晶圓將成全
球第3大半導體矽晶圓供應商，總營收規模粗估將達400億台幣，比去年營收增加1.6倍。
(3)台灣蘋果日報A8版
收購完成後，環球晶圓年營收上看400億元，全球市佔率也從目前的6%（第6名），跳升
至17%，成為全球第3大矽晶圓廠。分析師表示肯定，認為兩家重疊性低，將能發揮綜效
，預料今年將可貢獻15億的營收。
元富投顧總經理劉坤錫分析，環球晶圓購併SEMI後，今年應能貢獻5000萬美元（約15億
元台幣）的營收。
(4)經濟日報A3版
環球晶目前全球市占排第六，若要再增加SEMI產能規模，估計要投入25億美元、兩年建
廠時間，才能完成。
7.發生緣由:因應媒體報導澄清
8.因應措施:申報公開資訊觀測站澄清
9.其他應敘明事項:
(1)本公司並未對外界提供任何預測性財務資訊，且公司亦未對外公開揭露財務預測資訊
，如有相關事項本公司將依據法令規定辦理公告。
(2)媒體報導所提，年營收增加至400億元，係以104年度SUNEDISON SEMICONDUCTOR年營
收折合台幣約240億元，再加計環球晶圓約160億元估算，本公司並未對外提供相關預測
性財務資訊，相關財務與業務訊息，請以本公司於公開觀測站之公告為準。"
"105/08/19","11:38:16","黃男州","玉山金控總經理","玉山金控受麥格理證券邀請參加海外法人說明會","符合條款第四條第XX款：12
事實發生日：105/08/30
1.召開法人說明會之日期：105/08/30 ~ 105/09/02
2.召開法人說明會之時間：08 時 00 分 
3.召開法人說明會之地點：香港、新加坡
4.法人說明會擇要訊息：2016年第2季財業務資訊
5.其他應敘明事項：無
完整財務業務資訊請至公開資訊觀測站之法人說明會一覽表或法說會項目下查閱。"
"105/08/19","11:25:31","田秀英","財務長","澄清經濟日報C5版媒體報導","1.事實發生日:105/08/19
2.公司名稱:展旺生命科技股份有限公司
3.與公司關係(請輸入本公司或子公司):本公司
4.相互持股比例:不適用
5.傳播媒體名稱:經濟日報C5版
6.報導內容:經濟日報C5版「展旺針劑攻美 明年要盈」一文。
經濟日報C5版報載本公司：「...下半年針劑產品占營收比重上看四成，今年現金流也將
轉正，明年可望開始獲利並進入高成長期...」及「...厄他培南與胜月太也是公司下階
段明星品項，其中，厄他培南的生產基地已經在今年中接受美國食品藥物管理署（FDA）
查廠完成，明年初將有機會取得藥證...」等相關報導，純屬媒體之自行推測。
7.發生緣由:因應媒體報導澄清。
8.因應措施:發佈重大訊息說明。
9.其他應敘明事項:
1.本公司未對外界提供任何預測性財務資訊，有關財務或業務資訊應以本公司公佈於公
開資訊觀測站之資料為主。
2.藥品由開發至銷售時程長、投入研發經費高且並未保證一定能成功，藥證實際取得情
形應以本公司公佈於公開資訊觀測站之資料為主。"
"105/08/19","11:20:13","單香萍","財務長","公告本公司財務資訊","1.事實發生日:105/08/19
2.公司名稱:台灣原生藥用植物股份有限公司(原名稱:美嘉生電股份有限公司)
3.與公司關係(請輸入本公司或子公司):本公司
4.相互持股比例:不適用
5.發生緣由:依證券櫃檯買賣中心來函辦理。
(1)截至本週五(105/08/19)未受限制之現金及約當現金餘額62,428仟元。
(2)截至下週五(105/08/26)預計未受限制之現金及約當現金餘額62,414仟元。
(3)預計於下週到期之應付票據金額0仟元、含應償還之銀行借款金額0仟元、
   應支付之其他款項14仟元,下周預計收款及入款約0仟元。
6.因應措施:無
7.其他應敘明事項:無"
"105/08/19","11:10:12","呂谷清","總經理","澄清有關經濟日報105年8月19日 C3版報導相關內容","1.事實發生日:105/08/19
2.公司名稱:融程電訊股份有限公司
3.與公司關係(請輸入本公司或子公司):本公司
4.相互持股比例:不適用
5.傳播媒體名稱:經濟日報
6.報導內容:有關媒體報導，法人預估本公司下半年毛利率也將維持在39至40％的
高檔水準。
7.發生緣由:有關上述報導，係屬記者整理資料之預估與善意報導，特此提出澄清。
8.因應措施:於公開資訊觀測站進行本次公告澄清。
9.其他應敘明事項:無。"
"105/08/19","11:04:37","黃梅雪","副總經理","澄清105/8/19工商時報C4版之報導","1.傳播媒體名稱:工商時報
2.報導日期:105/08/19
3.報導內容:有關易華電相關報導
4.投資人提供訊息概要:無。
5.公司對該等報導或提供訊息之說明:
(1)針對媒體報導內容純屬媒體自行臆測，特此澄清。
(2)所有資訊應根據公開資訊觀測站公佈之資訊為準。
6.因應措施:本公司透過公開資訊觀測站發佈重大訊息澄清說明。
7.其他應敘明事項:無"
"105/08/19","10:58:13","曾仲南","協理暨財務長","代子公司公告:奇美視像科技(股)公司之董事會通過
「訂定民國105年第1次股東臨時會相關事宜」","1.董事會決議日期:105/08/19
2.股東臨時會召開日期:105/09/09
3.股東臨時會召開地點:台南市善化區木柵港西路13號1樓101會議室
4.召集事由一、報告事項:無。
5.召集事由二、承認事項:無。
6.召集事由三、討論事項:無。
7.召集事由四、選舉事項:補選監察人案。
8.召集事由五、其他議案:無。
9.召集事由六、臨時動議:臨時動議。
10.停止過戶起始日期:105/08/26
11.停止過戶截止日期:105/09/09
12.其他應敘明事項:經主席徵詢全體出席董事同意通過。"
"105/08/19","10:49:17","徐予霖","副總經理","係因本公司有價證券於集中交易市場達公佈注意交易資訊標準
,故公佈相關財務,業務等重大訊息,以利投資人區別瞭解-更正最近
一季IFRS核閱數及與去年同期增減(%)","1.事實發生日:105/08/19
2.發生緣由:依據臺灣證券交易所股份有限公司通知辦理
3.財務業務資訊:
期間        (  月  )             (   季   )          (最近四季累計)
======== ================== ===================== ====================
         最近一月  與去年   最近一季    與去年
科目     105年7月  同期增減 105年第2季  同期增減   104第3季至105第2季
           IFRS      (%)       IFRS       (%)            IFRS
          自結數              核閱數                    核閱數
======== ================== ===================== ====================
營業收入   86.46     -7.01     264.33      2.95          905.98
(百萬)
稅前純益    3.24    -85.27      47.91     86.42          113.06
(百萬)
稅後純益    2.69    -85.26      38.63     99.87           98.58
(百萬)
每股盈餘    0.05    -86.49       0.77     97.44            1.96
(元)
4.有無「臺灣證券交易所股份有限公司對有價證券上市公司重大訊息之查證暨公開處理
  程序」第4條所列重大訊息之情事（如「有」，請說明）:無
5.有無「臺灣證券交易所股份有限公司對有價證券上市公司重大訊息之查證暨公開處理
  程序」第11條所列重大訊息說明記者會之情事:無
6.其他應敘明事項:原公告最近一季金額及與去年同期增減(%)為105年第2季累計數，
更正為105年第2季單季金額並同時修正同期增減(%)
本公司營運一切正常，公司於集中市場股票價格變動係由市場自由交易機制
所決定，與公司並無關聯。"
"105/08/19","10:44:52","何山壯","財務/會計主管","澄清105年08月19日工商時報B4版、蘋果日報B1版、
經濟日報C6版報導","1.事實發生日:105/08/19
2.公司名稱:詩肯股份有限公司
3.與公司關係(請輸入本公司或子公司):本公司
4.相互持股比例:不適用
5.傳播媒體名稱:工商時報B4版、蘋果日報B1版、經濟日報C6版
6.報導內容:本公司並未公告財務預測，報導所載”預估今年合併營收約
17.22億元，年增率0.8％，稅後淨利約2.6億至3億元，EPS約6元以上，
純屬媒體與法人善意預估。
7.發生緣由:不適用
8.因應措施:發佈重大訊息說明。
9.其他應敘明事項:以上之報導係屬法人及媒體自行臆測及善意推估，本公司
並無對外公告財務預測，有關公司之營運計劃、營收等資訊，應以本公司公告
之訊息為準，特此澄清。"
"105/08/19","10:36:00","曾仲南","協理暨財務長","代子公司公告:奇美視像科技(股)公司之
董事會通過「監察人補選案」。","1.事實發生日:105/08/19
2.公司名稱:子公司:奇美視像科技(股)公司。
3.與公司關係(請輸入本公司或子公司):子公司。
4.相互持股比例:不適用。
5.發生緣由:董事會通過案由:監察人補選案。
6.因應措施:子公司:奇美視像科技依法補選監察人補足原任期。
7.其他應敘明事項:經主席徵詢全體出席董事同意通過。"
"105/08/19","10:30:33","李惠恂","協理","澄清經濟日報C6版報導部分內容","1.事實發生日:105/08/19
2.公司名稱:台灣櫻花股份有限公司
3.與公司關係(請輸入本公司或子公司):本公司
4.相互持股比例:不適用
5.傳播媒體名稱:經濟日報C6版
6.報導內容:
「EPS上看3元 智慧化新品兩岸開弓 推升業績 下半年將優於上半年」
7.發生緣由:
上述報導內容係媒體善意推估，本公司並未對外公開財務預測，有關本公司營收、獲利
等財務資訊，請以「公開資訊觀測站」公告資料為準，特此說明。
8.因應措施:發佈重大訊息說明。
9.其他應敘明事項:無。"
"105/08/19","10:21:56","林瑞昌","協理","澄清經濟日報105年8月19日C4版之報導","1.事實發生日:105/08/19
2.公司名稱:全國電子股份有限公司
3.與公司關係(請輸入本公司或子公司):本公司
4.相互持股比例:不適用
5.傳播媒體名稱:經濟日報
6.報導內容:法人認為全國電今年EPS挑戰5元。
7.發生緣由:報載全國電今年全年營收、獲利一定會超越去年，估成長2%至3%，每股純益
挑戰5元，係法人自行推估數值，本公司並未發佈任何有關財務預測資訊。
8.因應措施:無
9.其他應敘明事項:無"
"105/08/19","10:02:05","黃政文","財會部副總","公告修正105年6月暨105年7月為他人背書保證內容","1.事實發生日:105/08/19
2.公司名稱:光鼎電子股份有限公司
3.與公司關係(請輸入本公司或子公司):本公司
4.相互持股比例:不適用
5.傳播媒體名稱:不適用
6.報導內容:不適用
7.發生緣由:
(一)修正本公司105年度6月為他人背書保證明細表:
    被背書保證對象:連雲港光鼎電子有限公司期末背書保證金額32,000仟元
                   連雲港光鼎電子有限公司以財產擔保之背書保證金額9,736仟元
                   南京華鼎電子有限公司以財產擔保之背書保證金額32,278仟元
(二)修正本公司105年度7月為他人背書保證明細表:
    被背書保證對象:連雲港光鼎電子有限公司期末背書保證金額32,000仟元
8.因應措施:修正後重新上傳至公開資訊觀測站
9.其他應敘明事項:無"
"105/08/19","10:01:36","黃政文","財會部副總","公告補正本公司105年度第二季合併財務報告書附註部份資訊","1.事實發生日:105/08/19
2.公司名稱:光鼎電子股份有限公司
3.與公司關係(請輸入本公司或子公司):本公司
4.相互持股比例:不適用
5.傳播媒體名稱:不適用
6.報導內容:不適用
7.發生緣由:補正本公司105年度第二季合併財務報告書附註部份資訊
補正本公司105年度第二季合併財務報告書第34頁資金貸與他人,貸與對象
連雲港光鼎電子期末餘額
8.因應措施:更正後之內容重新上傳至公開資訊觀測站-財務報告更(補)正專區
9.其他應敘明事項:無"
"105/08/19","09:37:18","楊吉裕","財務長","澄清媒體報導","1.事實發生日:105/08/19
2.公司名稱:聯亞光電工業股份有限公司
3.與公司關係(請輸入本公司或子公司):本公司
4.相互持股比例:不適用
5.傳播媒體名稱:工商時報及電子時報
6.報導內容:
 (1)工商時報「點亮矽晶片 英特爾矽光模組 量產出貨」內文所述:「... 英特爾矽光
    計畫中的磊晶合作夥伴聯亞光電成為最大受惠者...」
 (2)電子時報「英特爾矽光100G光學收發器正式出貨 聯亞吞大單」內文所述:「...英
    特爾矽光計畫中的重要重要磊晶供應鏈聯亞光電，受惠矽光100G光學收發器出貨，
    業績可望再躍進...」
7.發生緣由:因應媒體報導澄清
8.因應措施:
 (1)本公司未曾公告特定客戶及財務預測等資訊，上述內容屬媒體推測，予以澄清。
 (2)有關本公司財務及業務資訊，請以本公司公告於公開資訊觀測站之資料為準。
9.其他應敘明事項:無。"
"105/08/19","09:27:11","郭育政","財務部協理","公告本公司名稱由「上曜開發科技股份有限公司」
更名為「上曜建設開發股份有限公司」","1.事實發生日:105/07/12
2.公司名稱:上曜建設開發股份有限公司
          (原名：上曜開發科技股份有限公司)
3.與公司關係(請輸入本公司或子公司):本公司
4.相互持股比例:不適用
5.發生緣由:(1)本公司業經經濟部105年07月06日經授商
             字第10501155020號函核准變更登記在案，
             本公司原中文名稱由「上曜開發科技股份
             有限公司」更名為「上曜建設開發股份有
             限公司」。
          (2)本公司於集中交易市場掛牌之股票簡稱
            『上曜』不變，代號未變動仍為「1316」。
             櫃買中心掛牌之債券簡稱「上曜二」不變
             ，債券代號亦未變動仍為「13162」。
          (3)有關本公司更名全面換發股票相關日期，
             將另行公告。
6.因應措施:依據台灣證券交易所股份限公司營業細則第　
          四十五條規定，連續公告三個月。
7.其他應敘明事項:本公司於105年7月12日接獲經濟部核准函。"
"105/08/19","09:26:59","柳夜沙","副總經理","公告本公司105年07月底自結合併報表之負債比率、
流動比率、速動比率","1.事實發生日:105/08/31
2.發生緣由:依據財團法人中華民國證券櫃檯買賣中心102年
12月12日證櫃監字第1020201163號函要求公告辦理。
3.財務資訊年度月份:105/07/31
4.自結流動比率:83.62%
5.自結速動比率:62.83%
6.自結負債比率:69.39%
7.因應措施:
於每月月底前公告申報自結合併財務報告截至前一月底之負債
比率、流動比率及速動比率，直至自結合併財務報告負債比率
下降至60%以下。
8.其他應敘明事項:無。"
"105/08/19","09:16:12","葉俊良","總經理","公告本公司名稱由「沛波國際股份有限公司」更名為「沛波
鋼鐵股份有限公司」","1.事實發生日:105/07/21
2.公司名稱:沛波鋼鐵股份有限公司(原名稱：沛波國際股份有限公司)
3.與公司關係(請輸入本公司或子公司):本公司
4.相互持股比例:不適用
5.發生緣由:
(1)依據本公司於105年06月29日股東常會決議通過變更公司名稱，業經台北市政府105年
07月21日府產業商字第10589832800號函核准，本公司名稱由「沛波國際股份有限公司」
更名為「沛波鋼鐵股份有限公司」。
(2)本公司英文名稱由「TMP International Corporation」變更為
「TMP Steel Corporation 」。
(3)上櫃股票代號未變動，仍為「6248」。
(4)有關本公司更名全面換發有價證券等相關事宜，俟日期確定後，另行公告。
6.因應措施:依據財團法人中華民國證券櫃檯買賣中心證券商營業處所買賣有價證券業務
規則第九條之一規定，連續公告三個月。
7.其他應敘明事項:無。"
"105/08/19","08:46:07","陳宗燦","副總經理","公告本公司名稱由「安茂微電子股份有限公司」
更名為「鑫龍騰開發股份有限公司」","1.事實發生日:105/07/11
2.公司名稱:鑫龍騰開發股份有限公司(原名:安茂微電子股份有限公司)
3.與公司關係(請輸入本公司或子公司):本公司
4.相互持股比例:不適用
5.傳播媒體名稱:不適用
6.報導內容:不適用
7.發生緣由:
(1)本公司於105年6月23日經股東常會決議通過公司更名案，並經經濟部於105年
7月5日經授商字第10501148420號函核准在案。
(2)本公司原名稱由『安茂微電子股份有限公司』，變更為『鑫龍騰開發股份有限公司』
(3)股票簡稱原名為『安茂』變更為『鑫龍騰』，股票代號仍為『3188』。
(4)有關本公司更名全面換發有價證券等相關事宜，俟日期確定後，另行公告。
8.因應措施:
依財團法人中華民國證券櫃檯買賣中心證券商營業處所買賣有價證券業務規則第9條之1
規定，連續公告三個月。
9.其他應敘明事項:本公司於105年7月11日接獲經濟部商業司核准函。"
